Event Index,UTC Timestamp,UTC Date,Local Timestamp,Local Timezone,Local Date,Experiment ID,Experiment Version,Tree Node Key,Repeat Key,Schedule ID,Participant Public ID,Participant Private ID,Participant Starting Group,Participant Status,Participant Completion Code,Participant External Session ID,Participant Device Type,Participant Device,Participant OS,Participant Browser,Participant Monitor Size,Participant Viewport Size,Checkpoint,Task Name,Task Version,randomiser-vdsq,branch-kcrj,Randomise questionnaire elements?,Question Key,Response
1,1669947703698,02/12/2022 02:21:43,1669947705042,-6,01/12/2022 20:21:45,92237,21,questionnaire-enic,,25622070,BLIND,7588804,,complete,,638960d9ee53c1c2b0e120ec,computer,Desktop or Laptop,Mac OS 10.12.6,Chrome 103.0.0.0,1280x800,1280x654,,Language Background,5,Block 7-B,soundCheckPassed,No,BEGIN QUESTIONNAIRE,
2,1669947761837,02/12/2022 02:22:41,1669947763155,-6,01/12/2022 20:22:43,92237,21,questionnaire-enic,,25622070,BLIND,7588804,,complete,,638960d9ee53c1c2b0e120ec,computer,Desktop or Laptop,Mac OS 10.12.6,Chrome 103.0.0.0,1280x800,1280x654,,Language Background,5,Block 7-B,soundCheckPassed,No,response-1,25-35
3,1669947762137,02/12/2022 02:22:42,1669947763157,-6,01/12/2022 20:22:43,92237,21,questionnaire-enic,,25622070,BLIND,7588804,,complete,,638960d9ee53c1c2b0e120ec,computer,Desktop or Laptop,Mac OS 10.12.6,Chrome 103.0.0.0,1280x800,1280x654,,Language Background,5,Block 7-B,soundCheckPassed,No,response-1-quantised,2
4,1669947762137,02/12/2022 02:22:42,1669947763157,-6,01/12/2022 20:22:43,92237,21,questionnaire-enic,,25622070,BLIND,7588804,,complete,,638960d9ee53c1c2b0e120ec,computer,Desktop or Laptop,Mac OS 10.12.6,Chrome 103.0.0.0,1280x800,1280x654,,Language Background,5,Block 7-B,soundCheckPassed,No,response-gender,femenina
5,1669947762137,02/12/2022 02:22:42,1669947763157,-6,01/12/2022 20:22:43,92237,21,questionnaire-enic,,25622070,BLIND,7588804,,complete,,638960d9ee53c1c2b0e120ec,computer,Desktop or Laptop,Mac OS 10.12.6,Chrome 103.0.0.0,1280x800,1280x654,,Language Background,5,Block 7-B,soundCheckPassed,No,response-impairment,No
6,1669947762137,02/12/2022 02:22:42,1669947763157,-6,01/12/2022 20:22:43,92237,21,questionnaire-enic,,25622070,BLIND,7588804,,complete,,638960d9ee53c1c2b0e120ec,computer,Desktop or Laptop,Mac OS 10.12.6,Chrome 103.0.0.0,1280x800,1280x654,,Language Background,5,Block 7-B,soundCheckPassed,No,response-impairment-quantised,2
7,1669947762137,02/12/2022 02:22:42,1669947763158,-6,01/12/2022 20:22:43,92237,21,questionnaire-enic,,25622070,BLIND,7588804,,complete,,638960d9ee53c1c2b0e120ec,computer,Desktop or Laptop,Mac OS 10.12.6,Chrome 103.0.0.0,1280x800,1280x654,,Language Background,5,Block 7-B,soundCheckPassed,No,response-native,si
8,1669947762137,02/12/2022 02:22:42,1669947763158,-6,01/12/2022 20:22:43,92237,21,questionnaire-enic,,25622070,BLIND,7588804,,complete,,638960d9ee53c1c2b0e120ec,computer,Desktop or Laptop,Mac OS 10.12.6,Chrome 103.0.0.0,1280x800,1280x654,,Language Background,5,Block 7-B,soundCheckPassed,No,response-fluency,"Ingles, desde los 3 anos "
9,1669947762137,02/12/2022 02:22:42,1669947763158,-6,01/12/2022 20:22:43,92237,21,questionnaire-enic,,25622070,BLIND,7588804,,complete,,638960d9ee53c1c2b0e120ec,computer,Desktop or Laptop,Mac OS 10.12.6,Chrome 103.0.0.0,1280x800,1280x654,,Language Background,5,Block 7-B,soundCheckPassed,No,response-where,mis papas
10,1669947762137,02/12/2022 02:22:42,1669947763158,-6,01/12/2022 20:22:43,92237,21,questionnaire-enic,,25622070,BLIND,7588804,,complete,,638960d9ee53c1c2b0e120ec,computer,Desktop or Laptop,Mac OS 10.12.6,Chrome 103.0.0.0,1280x800,1280x654,,Language Background,5,Block 7-B,soundCheckPassed,No,response-aoa,0
11,1669947762137,02/12/2022 02:22:42,1669947763159,-6,01/12/2022 20:22:43,92237,21,questionnaire-enic,,25622070,BLIND,7588804,,complete,,638960d9ee53c1c2b0e120ec,computer,Desktop or Laptop,Mac OS 10.12.6,Chrome 103.0.0.0,1280x800,1280x654,,Language Background,5,Block 7-B,soundCheckPassed,No,END QUESTIONNAIRE,58117
1,1669948844001,02/12/2022 02:40:44,1669948843780,-6,01/12/2022 20:40:43,92237,21,questionnaire-enic,,25622178,BLIND,7588825,,complete,,63896559069dcef8c5c30f13,computer,Desktop or Laptop,Mac OS 10.14.6,Chrome 107.0.0.0,1440x900,1440x789,,Language Background,5,Block 4-B,soundCheckPassed,No,BEGIN QUESTIONNAIRE,
2,1669948902274,02/12/2022 02:41:42,1669948902159,-6,01/12/2022 20:41:42,92237,21,questionnaire-enic,,25622178,BLIND,7588825,,complete,,63896559069dcef8c5c30f13,computer,Desktop or Laptop,Mac OS 10.14.6,Chrome 107.0.0.0,1440x900,1440x789,,Language Background,5,Block 4-B,soundCheckPassed,No,response-1,35-45
3,1669948902473,02/12/2022 02:41:42,1669948902161,-6,01/12/2022 20:41:42,92237,21,questionnaire-enic,,25622178,BLIND,7588825,,complete,,63896559069dcef8c5c30f13,computer,Desktop or Laptop,Mac OS 10.14.6,Chrome 107.0.0.0,1440x900,1440x789,,Language Background,5,Block 4-B,soundCheckPassed,No,response-1-quantised,3
4,1669948902473,02/12/2022 02:41:42,1669948902161,-6,01/12/2022 20:41:42,92237,21,questionnaire-enic,,25622178,BLIND,7588825,,complete,,63896559069dcef8c5c30f13,computer,Desktop or Laptop,Mac OS 10.14.6,Chrome 107.0.0.0,1440x900,1440x789,,Language Background,5,Block 4-B,soundCheckPassed,No,response-gender,femenino
5,1669948902473,02/12/2022 02:41:42,1669948902161,-6,01/12/2022 20:41:42,92237,21,questionnaire-enic,,25622178,BLIND,7588825,,complete,,63896559069dcef8c5c30f13,computer,Desktop or Laptop,Mac OS 10.14.6,Chrome 107.0.0.0,1440x900,1440x789,,Language Background,5,Block 4-B,soundCheckPassed,No,response-impairment,No
6,1669948902473,02/12/2022 02:41:42,1669948902161,-6,01/12/2022 20:41:42,92237,21,questionnaire-enic,,25622178,BLIND,7588825,,complete,,63896559069dcef8c5c30f13,computer,Desktop or Laptop,Mac OS 10.14.6,Chrome 107.0.0.0,1440x900,1440x789,,Language Background,5,Block 4-B,soundCheckPassed,No,response-impairment-quantised,2
7,1669948902473,02/12/2022 02:41:42,1669948902161,-6,01/12/2022 20:41:42,92237,21,questionnaire-enic,,25622178,BLIND,7588825,,complete,,63896559069dcef8c5c30f13,computer,Desktop or Laptop,Mac OS 10.14.6,Chrome 107.0.0.0,1440x900,1440x789,,Language Background,5,Block 4-B,soundCheckPassed,No,response-native,si
8,1669948902473,02/12/2022 02:41:42,1669948902161,-6,01/12/2022 20:41:42,92237,21,questionnaire-enic,,25622178,BLIND,7588825,,complete,,63896559069dcef8c5c30f13,computer,Desktop or Laptop,Mac OS 10.14.6,Chrome 107.0.0.0,1440x900,1440x789,,Language Background,5,Block 4-B,soundCheckPassed,No,response-fluency,ingles a los 17
9,1669948902473,02/12/2022 02:41:42,1669948902161,-6,01/12/2022 20:41:42,92237,21,questionnaire-enic,,25622178,BLIND,7588825,,complete,,63896559069dcef8c5c30f13,computer,Desktop or Laptop,Mac OS 10.14.6,Chrome 107.0.0.0,1440x900,1440x789,,Language Background,5,Block 4-B,soundCheckPassed,No,response-where,en casa
10,1669948902473,02/12/2022 02:41:42,1669948902162,-6,01/12/2022 20:41:42,92237,21,questionnaire-enic,,25622178,BLIND,7588825,,complete,,63896559069dcef8c5c30f13,computer,Desktop or Laptop,Mac OS 10.14.6,Chrome 107.0.0.0,1440x900,1440x789,,Language Background,5,Block 4-B,soundCheckPassed,No,response-aoa,0
11,1669948902473,02/12/2022 02:41:42,1669948902162,-6,01/12/2022 20:41:42,92237,21,questionnaire-enic,,25622178,BLIND,7588825,,complete,,63896559069dcef8c5c30f13,computer,Desktop or Laptop,Mac OS 10.14.6,Chrome 107.0.0.0,1440x900,1440x789,,Language Background,5,Block 4-B,soundCheckPassed,No,END QUESTIONNAIRE,58382
1,1669949485513,02/12/2022 02:51:25,1669949485264,-5,01/12/2022 21:51:25,92237,21,questionnaire-enic,,25622214,BLIND,7588833,,complete,,638967ff45c4e299ece7cc0c,computer,Desktop or Laptop,Windows 10,Chrome 107.0.0.0,1920x1080,1571x908,,Language Background,5,Block 2-A,soundCheckPassed,No,BEGIN QUESTIONNAIRE,
2,1669949784710,02/12/2022 02:56:24,1669949784342,-5,01/12/2022 21:56:24,92237,21,questionnaire-enic,,25622214,BLIND,7588833,,complete,,638967ff45c4e299ece7cc0c,computer,Desktop or Laptop,Windows 10,Chrome 107.0.0.0,1920x1080,1554x908,,Language Background,5,Block 2-A,soundCheckPassed,No,response-1,35-45
3,1669949784843,02/12/2022 02:56:24,1669949784343,-5,01/12/2022 21:56:24,92237,21,questionnaire-enic,,25622214,BLIND,7588833,,complete,,638967ff45c4e299ece7cc0c,computer,Desktop or Laptop,Windows 10,Chrome 107.0.0.0,1920x1080,1554x908,,Language Background,5,Block 2-A,soundCheckPassed,No,response-1-quantised,3
4,1669949784843,02/12/2022 02:56:24,1669949784343,-5,01/12/2022 21:56:24,92237,21,questionnaire-enic,,25622214,BLIND,7588833,,complete,,638967ff45c4e299ece7cc0c,computer,Desktop or Laptop,Windows 10,Chrome 107.0.0.0,1920x1080,1554x908,,Language Background,5,Block 2-A,soundCheckPassed,No,response-gender,Femenino
5,1669949784843,02/12/2022 02:56:24,1669949784343,-5,01/12/2022 21:56:24,92237,21,questionnaire-enic,,25622214,BLIND,7588833,,complete,,638967ff45c4e299ece7cc0c,computer,Desktop or Laptop,Windows 10,Chrome 107.0.0.0,1920x1080,1554x908,,Language Background,5,Block 2-A,soundCheckPassed,No,response-impairment,No
6,1669949784843,02/12/2022 02:56:24,1669949784343,-5,01/12/2022 21:56:24,92237,21,questionnaire-enic,,25622214,BLIND,7588833,,complete,,638967ff45c4e299ece7cc0c,computer,Desktop or Laptop,Windows 10,Chrome 107.0.0.0,1920x1080,1554x908,,Language Background,5,Block 2-A,soundCheckPassed,No,response-impairment-quantised,2
7,1669949784843,02/12/2022 02:56:24,1669949784343,-5,01/12/2022 21:56:24,92237,21,questionnaire-enic,,25622214,BLIND,7588833,,complete,,638967ff45c4e299ece7cc0c,computer,Desktop or Laptop,Windows 10,Chrome 107.0.0.0,1920x1080,1554x908,,Language Background,5,Block 2-A,soundCheckPassed,No,response-native,Si
8,1669949784843,02/12/2022 02:56:24,1669949784344,-5,01/12/2022 21:56:24,92237,21,questionnaire-enic,,25622214,BLIND,7588833,,complete,,638967ff45c4e299ece7cc0c,computer,Desktop or Laptop,Windows 10,Chrome 107.0.0.0,1920x1080,1554x908,,Language Background,5,Block 2-A,soundCheckPassed,No,response-fluency,"Ingles, empece a aprenderlo a los 10 años, con fluidez a los 22"
9,1669949784843,02/12/2022 02:56:24,1669949784344,-5,01/12/2022 21:56:24,92237,21,questionnaire-enic,,25622214,BLIND,7588833,,complete,,638967ff45c4e299ece7cc0c,computer,Desktop or Laptop,Windows 10,Chrome 107.0.0.0,1920x1080,1554x908,,Language Background,5,Block 2-A,soundCheckPassed,No,response-where,Naci y creci en Mexico
10,1669949784843,02/12/2022 02:56:24,1669949784344,-5,01/12/2022 21:56:24,92237,21,questionnaire-enic,,25622214,BLIND,7588833,,complete,,638967ff45c4e299ece7cc0c,computer,Desktop or Laptop,Windows 10,Chrome 107.0.0.0,1920x1080,1554x908,,Language Background,5,Block 2-A,soundCheckPassed,No,response-aoa,0
11,1669949784843,02/12/2022 02:56:24,1669949784344,-5,01/12/2022 21:56:24,92237,21,questionnaire-enic,,25622214,BLIND,7588833,,complete,,638967ff45c4e299ece7cc0c,computer,Desktop or Laptop,Windows 10,Chrome 107.0.0.0,1920x1080,1554x908,,Language Background,5,Block 2-A,soundCheckPassed,No,END QUESTIONNAIRE,299080
1,1669949494448,02/12/2022 02:51:34,1669949492049,-8,01/12/2022 18:51:32,92237,21,questionnaire-enic,,25622216,BLIND,7588834,,complete,,638967ee73aa72148fea0343,computer,Desktop or Laptop,Mac OS 10.14,Firefox 107.0,1920x1080,1920x926,,Language Background,5,Block 0-B,soundCheckPassed,No,BEGIN QUESTIONNAIRE,
2,1669949551077,02/12/2022 02:52:31,1669949548726,-8,01/12/2022 18:52:28,92237,21,questionnaire-enic,,25622216,BLIND,7588834,,complete,,638967ee73aa72148fea0343,computer,Desktop or Laptop,Mac OS 10.14,Firefox 107.0,1920x1080,1905x926,,Language Background,5,Block 0-B,soundCheckPassed,No,response-1,65+
3,1669949551390,02/12/2022 02:52:31,1669949548727,-8,01/12/2022 18:52:28,92237,21,questionnaire-enic,,25622216,BLIND,7588834,,complete,,638967ee73aa72148fea0343,computer,Desktop or Laptop,Mac OS 10.14,Firefox 107.0,1920x1080,1905x926,,Language Background,5,Block 0-B,soundCheckPassed,No,response-1-quantised,6
4,1669949551390,02/12/2022 02:52:31,1669949548727,-8,01/12/2022 18:52:28,92237,21,questionnaire-enic,,25622216,BLIND,7588834,,complete,,638967ee73aa72148fea0343,computer,Desktop or Laptop,Mac OS 10.14,Firefox 107.0,1920x1080,1905x926,,Language Background,5,Block 0-B,soundCheckPassed,No,response-gender,masculino
5,1669949551390,02/12/2022 02:52:31,1669949548728,-8,01/12/2022 18:52:28,92237,21,questionnaire-enic,,25622216,BLIND,7588834,,complete,,638967ee73aa72148fea0343,computer,Desktop or Laptop,Mac OS 10.14,Firefox 107.0,1920x1080,1905x926,,Language Background,5,Block 0-B,soundCheckPassed,No,response-impairment,No
6,1669949551390,02/12/2022 02:52:31,1669949548728,-8,01/12/2022 18:52:28,92237,21,questionnaire-enic,,25622216,BLIND,7588834,,complete,,638967ee73aa72148fea0343,computer,Desktop or Laptop,Mac OS 10.14,Firefox 107.0,1920x1080,1905x926,,Language Background,5,Block 0-B,soundCheckPassed,No,response-impairment-quantised,2
7,1669949551390,02/12/2022 02:52:31,1669949548728,-8,01/12/2022 18:52:28,92237,21,questionnaire-enic,,25622216,BLIND,7588834,,complete,,638967ee73aa72148fea0343,computer,Desktop or Laptop,Mac OS 10.14,Firefox 107.0,1920x1080,1905x926,,Language Background,5,Block 0-B,soundCheckPassed,No,response-native,si
8,1669949551390,02/12/2022 02:52:31,1669949548728,-8,01/12/2022 18:52:28,92237,21,questionnaire-enic,,25622216,BLIND,7588834,,complete,,638967ee73aa72148fea0343,computer,Desktop or Laptop,Mac OS 10.14,Firefox 107.0,1920x1080,1905x926,,Language Background,5,Block 0-B,soundCheckPassed,No,response-fluency,ingles a los 19
9,1669949551390,02/12/2022 02:52:31,1669949548728,-8,01/12/2022 18:52:28,92237,21,questionnaire-enic,,25622216,BLIND,7588834,,complete,,638967ee73aa72148fea0343,computer,Desktop or Laptop,Mac OS 10.14,Firefox 107.0,1920x1080,1905x926,,Language Background,5,Block 0-B,soundCheckPassed,No,response-where,en Chile
10,1669949551390,02/12/2022 02:52:31,1669949548728,-8,01/12/2022 18:52:28,92237,21,questionnaire-enic,,25622216,BLIND,7588834,,complete,,638967ee73aa72148fea0343,computer,Desktop or Laptop,Mac OS 10.14,Firefox 107.0,1920x1080,1905x926,,Language Background,5,Block 0-B,soundCheckPassed,No,response-aoa,2
11,1669949551390,02/12/2022 02:52:31,1669949548728,-8,01/12/2022 18:52:28,92237,21,questionnaire-enic,,25622216,BLIND,7588834,,complete,,638967ee73aa72148fea0343,computer,Desktop or Laptop,Mac OS 10.14,Firefox 107.0,1920x1080,1905x926,,Language Background,5,Block 0-B,soundCheckPassed,No,END QUESTIONNAIRE,56679
1,1669949739575,02/12/2022 02:55:39,1669949739388,-8,01/12/2022 18:55:39,92237,21,questionnaire-enic,,25622237,BLIND,7588838,,complete,,6389691b1b41e30170c30eea,computer,Desktop or Laptop,Mac OS 10.15.7,Safari 14.1.2,1440x900,1440x820,,Language Background,5,Block 8-B,soundCheckPassed,No,BEGIN QUESTIONNAIRE,
2,1669949824764,02/12/2022 02:57:04,1669949824113,-8,01/12/2022 18:57:04,92237,21,questionnaire-enic,,25622237,BLIND,7588838,,complete,,6389691b1b41e30170c30eea,computer,Desktop or Laptop,Mac OS 10.15.7,Safari 14.1.2,1440x900,1425x820,,Language Background,5,Block 8-B,soundCheckPassed,No,response-1,18-25
3,1669949824957,02/12/2022 02:57:04,1669949824114,-8,01/12/2022 18:57:04,92237,21,questionnaire-enic,,25622237,BLIND,7588838,,complete,,6389691b1b41e30170c30eea,computer,Desktop or Laptop,Mac OS 10.15.7,Safari 14.1.2,1440x900,1425x820,,Language Background,5,Block 8-B,soundCheckPassed,No,response-1-quantised,1
4,1669949824957,02/12/2022 02:57:04,1669949824114,-8,01/12/2022 18:57:04,92237,21,questionnaire-enic,,25622237,BLIND,7588838,,complete,,6389691b1b41e30170c30eea,computer,Desktop or Laptop,Mac OS 10.15.7,Safari 14.1.2,1440x900,1425x820,,Language Background,5,Block 8-B,soundCheckPassed,No,response-gender,male
5,1669949824957,02/12/2022 02:57:04,1669949824114,-8,01/12/2022 18:57:04,92237,21,questionnaire-enic,,25622237,BLIND,7588838,,complete,,6389691b1b41e30170c30eea,computer,Desktop or Laptop,Mac OS 10.15.7,Safari 14.1.2,1440x900,1425x820,,Language Background,5,Block 8-B,soundCheckPassed,No,response-impairment,No
6,1669949824957,02/12/2022 02:57:04,1669949824114,-8,01/12/2022 18:57:04,92237,21,questionnaire-enic,,25622237,BLIND,7588838,,complete,,6389691b1b41e30170c30eea,computer,Desktop or Laptop,Mac OS 10.15.7,Safari 14.1.2,1440x900,1425x820,,Language Background,5,Block 8-B,soundCheckPassed,No,response-impairment-quantised,2
7,1669949824957,02/12/2022 02:57:04,1669949824114,-8,01/12/2022 18:57:04,92237,21,questionnaire-enic,,25622237,BLIND,7588838,,complete,,6389691b1b41e30170c30eea,computer,Desktop or Laptop,Mac OS 10.15.7,Safari 14.1.2,1440x900,1425x820,,Language Background,5,Block 8-B,soundCheckPassed,No,response-native,"no, ingles"
8,1669949824957,02/12/2022 02:57:04,1669949824114,-8,01/12/2022 18:57:04,92237,21,questionnaire-enic,,25622237,BLIND,7588838,,complete,,6389691b1b41e30170c30eea,computer,Desktop or Laptop,Mac OS 10.15.7,Safari 14.1.2,1440x900,1425x820,,Language Background,5,Block 8-B,soundCheckPassed,No,response-fluency,"ingles, 3 anos"
9,1669949824957,02/12/2022 02:57:04,1669949824114,-8,01/12/2022 18:57:04,92237,21,questionnaire-enic,,25622237,BLIND,7588838,,complete,,6389691b1b41e30170c30eea,computer,Desktop or Laptop,Mac OS 10.15.7,Safari 14.1.2,1440x900,1425x820,,Language Background,5,Block 8-B,soundCheckPassed,No,response-where,"en la casa, hablando entre la familia"
10,1669949824957,02/12/2022 02:57:04,1669949824115,-8,01/12/2022 18:57:04,92237,21,questionnaire-enic,,25622237,BLIND,7588838,,complete,,6389691b1b41e30170c30eea,computer,Desktop or Laptop,Mac OS 10.15.7,Safari 14.1.2,1440x900,1425x820,,Language Background,5,Block 8-B,soundCheckPassed,No,response-aoa,2
11,1669949824957,02/12/2022 02:57:04,1669949824115,-8,01/12/2022 18:57:04,92237,21,questionnaire-enic,,25622237,BLIND,7588838,,complete,,6389691b1b41e30170c30eea,computer,Desktop or Laptop,Mac OS 10.15.7,Safari 14.1.2,1440x900,1425x820,,Language Background,5,Block 8-B,soundCheckPassed,No,END QUESTIONNAIRE,84727
1,1669951838757,02/12/2022 03:30:38,1669951839621,-7,01/12/2022 20:30:39,92237,21,questionnaire-enic,,25622369,BLIND,7588866,,complete,,6389714868b6051529c318a9,computer,Desktop or Laptop,Mac OS 10.13.6,Chrome 107.0.0.0,1440x900,1440x722,,Language Background,5,Block 1-B,soundCheckPassed,No,BEGIN QUESTIONNAIRE,
2,1669951884097,02/12/2022 03:31:24,1669951884993,-7,01/12/2022 20:31:24,92237,21,questionnaire-enic,,25622369,BLIND,7588866,,complete,,6389714868b6051529c318a9,computer,Desktop or Laptop,Mac OS 10.13.6,Chrome 107.0.0.0,1440x900,1440x722,,Language Background,5,Block 1-B,soundCheckPassed,No,response-1,18-25
3,1669951884265,02/12/2022 03:31:24,1669951884995,-7,01/12/2022 20:31:24,92237,21,questionnaire-enic,,25622369,BLIND,7588866,,complete,,6389714868b6051529c318a9,computer,Desktop or Laptop,Mac OS 10.13.6,Chrome 107.0.0.0,1440x900,1440x722,,Language Background,5,Block 1-B,soundCheckPassed,No,response-1-quantised,1
4,1669951884265,02/12/2022 03:31:24,1669951884995,-7,01/12/2022 20:31:24,92237,21,questionnaire-enic,,25622369,BLIND,7588866,,complete,,6389714868b6051529c318a9,computer,Desktop or Laptop,Mac OS 10.13.6,Chrome 107.0.0.0,1440x900,1440x722,,Language Background,5,Block 1-B,soundCheckPassed,No,response-gender,female 
5,1669951884265,02/12/2022 03:31:24,1669951884996,-7,01/12/2022 20:31:24,92237,21,questionnaire-enic,,25622369,BLIND,7588866,,complete,,6389714868b6051529c318a9,computer,Desktop or Laptop,Mac OS 10.13.6,Chrome 107.0.0.0,1440x900,1440x722,,Language Background,5,Block 1-B,soundCheckPassed,No,response-impairment,No
6,1669951884265,02/12/2022 03:31:24,1669951884996,-7,01/12/2022 20:31:24,92237,21,questionnaire-enic,,25622369,BLIND,7588866,,complete,,6389714868b6051529c318a9,computer,Desktop or Laptop,Mac OS 10.13.6,Chrome 107.0.0.0,1440x900,1440x722,,Language Background,5,Block 1-B,soundCheckPassed,No,response-impairment-quantised,2
7,1669951884265,02/12/2022 03:31:24,1669951884996,-7,01/12/2022 20:31:24,92237,21,questionnaire-enic,,25622369,BLIND,7588866,,complete,,6389714868b6051529c318a9,computer,Desktop or Laptop,Mac OS 10.13.6,Chrome 107.0.0.0,1440x900,1440x722,,Language Background,5,Block 1-B,soundCheckPassed,No,response-native,si 
8,1669951884265,02/12/2022 03:31:24,1669951884996,-7,01/12/2022 20:31:24,92237,21,questionnaire-enic,,25622369,BLIND,7588866,,complete,,6389714868b6051529c318a9,computer,Desktop or Laptop,Mac OS 10.13.6,Chrome 107.0.0.0,1440x900,1440x722,,Language Background,5,Block 1-B,soundCheckPassed,No,response-fluency,ingles desde los 3 
9,1669951884265,02/12/2022 03:31:24,1669951884996,-7,01/12/2022 20:31:24,92237,21,questionnaire-enic,,25622369,BLIND,7588866,,complete,,6389714868b6051529c318a9,computer,Desktop or Laptop,Mac OS 10.13.6,Chrome 107.0.0.0,1440x900,1440x722,,Language Background,5,Block 1-B,soundCheckPassed,No,response-where,de mis padres 
10,1669951884265,02/12/2022 03:31:24,1669951884997,-7,01/12/2022 20:31:24,92237,21,questionnaire-enic,,25622369,BLIND,7588866,,complete,,6389714868b6051529c318a9,computer,Desktop or Laptop,Mac OS 10.13.6,Chrome 107.0.0.0,1440x900,1440x722,,Language Background,5,Block 1-B,soundCheckPassed,No,response-aoa,1
11,1669951884265,02/12/2022 03:31:24,1669951884997,-7,01/12/2022 20:31:24,92237,21,questionnaire-enic,,25622369,BLIND,7588866,,complete,,6389714868b6051529c318a9,computer,Desktop or Laptop,Mac OS 10.13.6,Chrome 107.0.0.0,1440x900,1440x722,,Language Background,5,Block 1-B,soundCheckPassed,No,END QUESTIONNAIRE,45376
1,1669952781119,02/12/2022 03:46:21,1669952780861,-8,01/12/2022 19:46:20,92237,21,questionnaire-enic,,25622426,BLIND,7588879,,complete,,6389749a6d9f7cf71b19e077,computer,Desktop or Laptop,Windows 10,Firefox 107.0,896x504,896x415,,Language Background,5,Block 5-A,soundCheckPassed,No,BEGIN QUESTIONNAIRE,
2,1669952823944,02/12/2022 03:47:03,1669952823709,-8,01/12/2022 19:47:03,92237,21,questionnaire-enic,,25622426,BLIND,7588879,,complete,,6389749a6d9f7cf71b19e077,computer,Desktop or Laptop,Windows 10,Firefox 107.0,896x504,886x415,,Language Background,5,Block 5-A,soundCheckPassed,No,response-1,45-55
3,1669952824186,02/12/2022 03:47:04,1669952823711,-8,01/12/2022 19:47:03,92237,21,questionnaire-enic,,25622426,BLIND,7588879,,complete,,6389749a6d9f7cf71b19e077,computer,Desktop or Laptop,Windows 10,Firefox 107.0,896x504,886x415,,Language Background,5,Block 5-A,soundCheckPassed,No,response-1-quantised,4
4,1669952824186,02/12/2022 03:47:04,1669952823711,-8,01/12/2022 19:47:03,92237,21,questionnaire-enic,,25622426,BLIND,7588879,,complete,,6389749a6d9f7cf71b19e077,computer,Desktop or Laptop,Windows 10,Firefox 107.0,896x504,886x415,,Language Background,5,Block 5-A,soundCheckPassed,No,response-gender,masculino
5,1669952824186,02/12/2022 03:47:04,1669952823711,-8,01/12/2022 19:47:03,92237,21,questionnaire-enic,,25622426,BLIND,7588879,,complete,,6389749a6d9f7cf71b19e077,computer,Desktop or Laptop,Windows 10,Firefox 107.0,896x504,886x415,,Language Background,5,Block 5-A,soundCheckPassed,No,response-impairment,No
6,1669952824186,02/12/2022 03:47:04,1669952823711,-8,01/12/2022 19:47:03,92237,21,questionnaire-enic,,25622426,BLIND,7588879,,complete,,6389749a6d9f7cf71b19e077,computer,Desktop or Laptop,Windows 10,Firefox 107.0,896x504,886x415,,Language Background,5,Block 5-A,soundCheckPassed,No,response-impairment-quantised,2
7,1669952824186,02/12/2022 03:47:04,1669952823712,-8,01/12/2022 19:47:03,92237,21,questionnaire-enic,,25622426,BLIND,7588879,,complete,,6389749a6d9f7cf71b19e077,computer,Desktop or Laptop,Windows 10,Firefox 107.0,896x504,886x415,,Language Background,5,Block 5-A,soundCheckPassed,No,response-native,si
8,1669952824186,02/12/2022 03:47:04,1669952823712,-8,01/12/2022 19:47:03,92237,21,questionnaire-enic,,25622426,BLIND,7588879,,complete,,6389749a6d9f7cf71b19e077,computer,Desktop or Laptop,Windows 10,Firefox 107.0,896x504,886x415,,Language Background,5,Block 5-A,soundCheckPassed,No,response-fluency,ingles
9,1669952824186,02/12/2022 03:47:04,1669952823712,-8,01/12/2022 19:47:03,92237,21,questionnaire-enic,,25622426,BLIND,7588879,,complete,,6389749a6d9f7cf71b19e077,computer,Desktop or Laptop,Windows 10,Firefox 107.0,896x504,886x415,,Language Background,5,Block 5-A,soundCheckPassed,No,response-where,mis padres
10,1669952824186,02/12/2022 03:47:04,1669952823712,-8,01/12/2022 19:47:03,92237,21,questionnaire-enic,,25622426,BLIND,7588879,,complete,,6389749a6d9f7cf71b19e077,computer,Desktop or Laptop,Windows 10,Firefox 107.0,896x504,886x415,,Language Background,5,Block 5-A,soundCheckPassed,No,response-aoa,4
11,1669952824186,02/12/2022 03:47:04,1669952823712,-8,01/12/2022 19:47:03,92237,21,questionnaire-enic,,25622426,BLIND,7588879,,complete,,6389749a6d9f7cf71b19e077,computer,Desktop or Laptop,Windows 10,Firefox 107.0,896x504,886x415,,Language Background,5,Block 5-A,soundCheckPassed,No,END QUESTIONNAIRE,42851
1,1669953290170,02/12/2022 03:54:50,1669953290428,-8,01/12/2022 19:54:50,92237,21,questionnaire-enic,,25622465,BLIND,7588853,,complete,,63896f07cbb3eba261c30f02,computer,Desktop or Laptop,Windows 10,Edge 107.0.1418.62,1920x1080,1022x565,,Language Background,5,Block 0-A,soundCheckPassed,No,BEGIN QUESTIONNAIRE,
2,1669953406767,02/12/2022 03:56:46,1669953407050,-8,01/12/2022 19:56:47,92237,21,questionnaire-enic,,25622465,BLIND,7588853,,complete,,63896f07cbb3eba261c30f02,computer,Desktop or Laptop,Windows 10,Edge 107.0.1418.62,1920x1080,1920x1007,,Language Background,5,Block 0-A,soundCheckPassed,No,response-1,25-35
3,1669953406950,02/12/2022 03:56:46,1669953407051,-8,01/12/2022 19:56:47,92237,21,questionnaire-enic,,25622465,BLIND,7588853,,complete,,63896f07cbb3eba261c30f02,computer,Desktop or Laptop,Windows 10,Edge 107.0.1418.62,1920x1080,1920x1007,,Language Background,5,Block 0-A,soundCheckPassed,No,response-1-quantised,2
4,1669953406950,02/12/2022 03:56:46,1669953407051,-8,01/12/2022 19:56:47,92237,21,questionnaire-enic,,25622465,BLIND,7588853,,complete,,63896f07cbb3eba261c30f02,computer,Desktop or Laptop,Windows 10,Edge 107.0.1418.62,1920x1080,1920x1007,,Language Background,5,Block 0-A,soundCheckPassed,No,response-gender,masculino
5,1669953406950,02/12/2022 03:56:46,1669953407051,-8,01/12/2022 19:56:47,92237,21,questionnaire-enic,,25622465,BLIND,7588853,,complete,,63896f07cbb3eba261c30f02,computer,Desktop or Laptop,Windows 10,Edge 107.0.1418.62,1920x1080,1920x1007,,Language Background,5,Block 0-A,soundCheckPassed,No,response-impairment,No
6,1669953406950,02/12/2022 03:56:46,1669953407051,-8,01/12/2022 19:56:47,92237,21,questionnaire-enic,,25622465,BLIND,7588853,,complete,,63896f07cbb3eba261c30f02,computer,Desktop or Laptop,Windows 10,Edge 107.0.1418.62,1920x1080,1920x1007,,Language Background,5,Block 0-A,soundCheckPassed,No,response-impairment-quantised,2
7,1669953406950,02/12/2022 03:56:46,1669953407051,-8,01/12/2022 19:56:47,92237,21,questionnaire-enic,,25622465,BLIND,7588853,,complete,,63896f07cbb3eba261c30f02,computer,Desktop or Laptop,Windows 10,Edge 107.0.1418.62,1920x1080,1920x1007,,Language Background,5,Block 0-A,soundCheckPassed,No,response-native,Si
8,1669953406950,02/12/2022 03:56:46,1669953407051,-8,01/12/2022 19:56:47,92237,21,questionnaire-enic,,25622465,BLIND,7588853,,complete,,63896f07cbb3eba261c30f02,computer,Desktop or Laptop,Windows 10,Edge 107.0.1418.62,1920x1080,1920x1007,,Language Background,5,Block 0-A,soundCheckPassed,No,response-fluency,ingles a los siete años
9,1669953406950,02/12/2022 03:56:46,1669953407051,-8,01/12/2022 19:56:47,92237,21,questionnaire-enic,,25622465,BLIND,7588853,,complete,,63896f07cbb3eba261c30f02,computer,Desktop or Laptop,Windows 10,Edge 107.0.1418.62,1920x1080,1920x1007,,Language Background,5,Block 0-A,soundCheckPassed,No,response-where,Escuela
10,1669953406950,02/12/2022 03:56:46,1669953407052,-8,01/12/2022 19:56:47,92237,21,questionnaire-enic,,25622465,BLIND,7588853,,complete,,63896f07cbb3eba261c30f02,computer,Desktop or Laptop,Windows 10,Edge 107.0.1418.62,1920x1080,1920x1007,,Language Background,5,Block 0-A,soundCheckPassed,No,response-aoa,0
11,1669953406950,02/12/2022 03:56:46,1669953407052,-8,01/12/2022 19:56:47,92237,21,questionnaire-enic,,25622465,BLIND,7588853,,complete,,63896f07cbb3eba261c30f02,computer,Desktop or Laptop,Windows 10,Edge 107.0.1418.62,1920x1080,1920x1007,,Language Background,5,Block 0-A,soundCheckPassed,No,END QUESTIONNAIRE,116624
1,1669953983252,02/12/2022 04:06:23,1669953983107,-6,01/12/2022 22:06:23,92237,21,questionnaire-enic,,25622495,BLIND,7588887,,complete,,63897973ac44055b67fa0eb8,mobile,Apple iPhone,iOS 15.5,Mobile Safari 15.5,414x896,414x715,,Language Background,5,Block 7-A,soundCheckPassed,No,BEGIN QUESTIONNAIRE,
2,1669954081764,02/12/2022 04:08:01,1669954081167,-6,01/12/2022 22:08:01,92237,21,questionnaire-enic,,25622495,BLIND,7588887,,complete,,63897973ac44055b67fa0eb8,mobile,Apple iPhone,iOS 15.5,Mobile Safari 15.5,414x896,414x715,,Language Background,5,Block 7-A,soundCheckPassed,No,response-1,35-45
3,1669954081963,02/12/2022 04:08:01,1669954081170,-6,01/12/2022 22:08:01,92237,21,questionnaire-enic,,25622495,BLIND,7588887,,complete,,63897973ac44055b67fa0eb8,mobile,Apple iPhone,iOS 15.5,Mobile Safari 15.5,414x896,414x715,,Language Background,5,Block 7-A,soundCheckPassed,No,response-1-quantised,3
4,1669954081963,02/12/2022 04:08:01,1669954081171,-6,01/12/2022 22:08:01,92237,21,questionnaire-enic,,25622495,BLIND,7588887,,complete,,63897973ac44055b67fa0eb8,mobile,Apple iPhone,iOS 15.5,Mobile Safari 15.5,414x896,414x715,,Language Background,5,Block 7-A,soundCheckPassed,No,response-gender,femenino
5,1669954081963,02/12/2022 04:08:01,1669954081171,-6,01/12/2022 22:08:01,92237,21,questionnaire-enic,,25622495,BLIND,7588887,,complete,,63897973ac44055b67fa0eb8,mobile,Apple iPhone,iOS 15.5,Mobile Safari 15.5,414x896,414x715,,Language Background,5,Block 7-A,soundCheckPassed,No,response-impairment,No
6,1669954081963,02/12/2022 04:08:01,1669954081171,-6,01/12/2022 22:08:01,92237,21,questionnaire-enic,,25622495,BLIND,7588887,,complete,,63897973ac44055b67fa0eb8,mobile,Apple iPhone,iOS 15.5,Mobile Safari 15.5,414x896,414x715,,Language Background,5,Block 7-A,soundCheckPassed,No,response-impairment-quantised,2
7,1669954081963,02/12/2022 04:08:01,1669954081171,-6,01/12/2022 22:08:01,92237,21,questionnaire-enic,,25622495,BLIND,7588887,,complete,,63897973ac44055b67fa0eb8,mobile,Apple iPhone,iOS 15.5,Mobile Safari 15.5,414x896,414x715,,Language Background,5,Block 7-A,soundCheckPassed,No,response-native,"no, ingles"
8,1669954081963,02/12/2022 04:08:01,1669954081171,-6,01/12/2022 22:08:01,92237,21,questionnaire-enic,,25622495,BLIND,7588887,,complete,,63897973ac44055b67fa0eb8,mobile,Apple iPhone,iOS 15.5,Mobile Safari 15.5,414x896,414x715,,Language Background,5,Block 7-A,soundCheckPassed,No,response-fluency,ingles
9,1669954081963,02/12/2022 04:08:01,1669954081171,-6,01/12/2022 22:08:01,92237,21,questionnaire-enic,,25622495,BLIND,7588887,,complete,,63897973ac44055b67fa0eb8,mobile,Apple iPhone,iOS 15.5,Mobile Safari 15.5,414x896,414x715,,Language Background,5,Block 7-A,soundCheckPassed,No,response-where,en casa
10,1669954081963,02/12/2022 04:08:01,1669954081171,-6,01/12/2022 22:08:01,92237,21,questionnaire-enic,,25622495,BLIND,7588887,,complete,,63897973ac44055b67fa0eb8,mobile,Apple iPhone,iOS 15.5,Mobile Safari 15.5,414x896,414x715,,Language Background,5,Block 7-A,soundCheckPassed,No,response-aoa,6
11,1669954081963,02/12/2022 04:08:01,1669954081171,-6,01/12/2022 22:08:01,92237,21,questionnaire-enic,,25622495,BLIND,7588887,,complete,,63897973ac44055b67fa0eb8,mobile,Apple iPhone,iOS 15.5,Mobile Safari 15.5,414x896,414x715,,Language Background,5,Block 7-A,soundCheckPassed,No,END QUESTIONNAIRE,98064
1,1669954092118,02/12/2022 04:08:12,1669954091780,-6,01/12/2022 22:08:11,92237,21,questionnaire-enic,,25622498,BLIND,7588888,,complete,,63897a16875ed55c8f8cb4bd,mobile,Apple iPhone,iOS 15.6.1,Mobile Safari 15.6.1,414x896,414x719,,Language Background,5,Block 2-B,soundCheckPassed,No,BEGIN QUESTIONNAIRE,
2,1669954116564,02/12/2022 04:08:36,1669954116270,-6,01/12/2022 22:08:36,92237,21,questionnaire-enic,,25622498,BLIND,7588888,,complete,,63897a16875ed55c8f8cb4bd,mobile,Apple iPhone,iOS 15.6.1,Mobile Safari 15.6.1,414x896,414x719,,Language Background,5,Block 2-B,soundCheckPassed,No,response-1,25-35
3,1669954117017,02/12/2022 04:08:37,1669954116273,-6,01/12/2022 22:08:36,92237,21,questionnaire-enic,,25622498,BLIND,7588888,,complete,,63897a16875ed55c8f8cb4bd,mobile,Apple iPhone,iOS 15.6.1,Mobile Safari 15.6.1,414x896,414x719,,Language Background,5,Block 2-B,soundCheckPassed,No,response-1-quantised,2
4,1669954117017,02/12/2022 04:08:37,1669954116274,-6,01/12/2022 22:08:36,92237,21,questionnaire-enic,,25622498,BLIND,7588888,,complete,,63897a16875ed55c8f8cb4bd,mobile,Apple iPhone,iOS 15.6.1,Mobile Safari 15.6.1,414x896,414x719,,Language Background,5,Block 2-B,soundCheckPassed,No,response-gender,femenino
5,1669954117017,02/12/2022 04:08:37,1669954116274,-6,01/12/2022 22:08:36,92237,21,questionnaire-enic,,25622498,BLIND,7588888,,complete,,63897a16875ed55c8f8cb4bd,mobile,Apple iPhone,iOS 15.6.1,Mobile Safari 15.6.1,414x896,414x719,,Language Background,5,Block 2-B,soundCheckPassed,No,response-impairment,No
6,1669954117017,02/12/2022 04:08:37,1669954116274,-6,01/12/2022 22:08:36,92237,21,questionnaire-enic,,25622498,BLIND,7588888,,complete,,63897a16875ed55c8f8cb4bd,mobile,Apple iPhone,iOS 15.6.1,Mobile Safari 15.6.1,414x896,414x719,,Language Background,5,Block 2-B,soundCheckPassed,No,response-impairment-quantised,2
7,1669954117017,02/12/2022 04:08:37,1669954116274,-6,01/12/2022 22:08:36,92237,21,questionnaire-enic,,25622498,BLIND,7588888,,complete,,63897a16875ed55c8f8cb4bd,mobile,Apple iPhone,iOS 15.6.1,Mobile Safari 15.6.1,414x896,414x719,,Language Background,5,Block 2-B,soundCheckPassed,No,response-native,si
8,1669954117017,02/12/2022 04:08:37,1669954116274,-6,01/12/2022 22:08:36,92237,21,questionnaire-enic,,25622498,BLIND,7588888,,complete,,63897a16875ed55c8f8cb4bd,mobile,Apple iPhone,iOS 15.6.1,Mobile Safari 15.6.1,414x896,414x719,,Language Background,5,Block 2-B,soundCheckPassed,No,response-fluency,ingles a los 5 años
9,1669954117017,02/12/2022 04:08:37,1669954116274,-6,01/12/2022 22:08:36,92237,21,questionnaire-enic,,25622498,BLIND,7588888,,complete,,63897a16875ed55c8f8cb4bd,mobile,Apple iPhone,iOS 15.6.1,Mobile Safari 15.6.1,414x896,414x719,,Language Background,5,Block 2-B,soundCheckPassed,No,response-where,nativo
10,1669954117017,02/12/2022 04:08:37,1669954116274,-6,01/12/2022 22:08:36,92237,21,questionnaire-enic,,25622498,BLIND,7588888,,complete,,63897a16875ed55c8f8cb4bd,mobile,Apple iPhone,iOS 15.6.1,Mobile Safari 15.6.1,414x896,414x719,,Language Background,5,Block 2-B,soundCheckPassed,No,response-aoa,0
11,1669954117017,02/12/2022 04:08:37,1669954116274,-6,01/12/2022 22:08:36,92237,21,questionnaire-enic,,25622498,BLIND,7588888,,complete,,63897a16875ed55c8f8cb4bd,mobile,Apple iPhone,iOS 15.6.1,Mobile Safari 15.6.1,414x896,414x719,,Language Background,5,Block 2-B,soundCheckPassed,No,END QUESTIONNAIRE,24494
1,1669954879840,02/12/2022 04:21:19,1669954877076,-7,01/12/2022 21:21:17,92237,21,questionnaire-enic,,25622542,BLIND,7588899,,complete,,63897d069e711470f1c31868,computer,Desktop or Laptop,Windows 10,Chrome 107.0.0.0,2560x1440,1341x1287,,Language Background,5,Block 4-A,soundCheckPassed,No,BEGIN QUESTIONNAIRE,
2,1669955041873,02/12/2022 04:24:01,1669955038788,-7,01/12/2022 21:23:58,92237,21,questionnaire-enic,,25622542,BLIND,7588899,,complete,,63897d069e711470f1c31868,computer,Desktop or Laptop,Windows 10,Chrome 107.0.0.0,2560x1440,1341x1287,,Language Background,5,Block 4-A,soundCheckPassed,No,response-1,35-45
3,1669955042126,02/12/2022 04:24:02,1669955038789,-7,01/12/2022 21:23:58,92237,21,questionnaire-enic,,25622542,BLIND,7588899,,complete,,63897d069e711470f1c31868,computer,Desktop or Laptop,Windows 10,Chrome 107.0.0.0,2560x1440,1341x1287,,Language Background,5,Block 4-A,soundCheckPassed,No,response-1-quantised,3
4,1669955042126,02/12/2022 04:24:02,1669955038789,-7,01/12/2022 21:23:58,92237,21,questionnaire-enic,,25622542,BLIND,7588899,,complete,,63897d069e711470f1c31868,computer,Desktop or Laptop,Windows 10,Chrome 107.0.0.0,2560x1440,1341x1287,,Language Background,5,Block 4-A,soundCheckPassed,No,response-gender,Mujer
5,1669955042126,02/12/2022 04:24:02,1669955038789,-7,01/12/2022 21:23:58,92237,21,questionnaire-enic,,25622542,BLIND,7588899,,complete,,63897d069e711470f1c31868,computer,Desktop or Laptop,Windows 10,Chrome 107.0.0.0,2560x1440,1341x1287,,Language Background,5,Block 4-A,soundCheckPassed,No,response-impairment,No
6,1669955042126,02/12/2022 04:24:02,1669955038789,-7,01/12/2022 21:23:58,92237,21,questionnaire-enic,,25622542,BLIND,7588899,,complete,,63897d069e711470f1c31868,computer,Desktop or Laptop,Windows 10,Chrome 107.0.0.0,2560x1440,1341x1287,,Language Background,5,Block 4-A,soundCheckPassed,No,response-impairment-quantised,2
7,1669955042126,02/12/2022 04:24:02,1669955038789,-7,01/12/2022 21:23:58,92237,21,questionnaire-enic,,25622542,BLIND,7588899,,complete,,63897d069e711470f1c31868,computer,Desktop or Laptop,Windows 10,Chrome 107.0.0.0,2560x1440,1341x1287,,Language Background,5,Block 4-A,soundCheckPassed,No,response-native,Soy hablante nativa del español.
8,1669955042126,02/12/2022 04:24:02,1669955038789,-7,01/12/2022 21:23:58,92237,21,questionnaire-enic,,25622542,BLIND,7588899,,complete,,63897d069e711470f1c31868,computer,Desktop or Laptop,Windows 10,Chrome 107.0.0.0,2560x1440,1341x1287,,Language Background,5,Block 4-A,soundCheckPassed,No,response-fluency,"Inglés, 13 años. Francés, 26 años."
9,1669955042126,02/12/2022 04:24:02,1669955038789,-7,01/12/2022 21:23:58,92237,21,questionnaire-enic,,25622542,BLIND,7588899,,complete,,63897d069e711470f1c31868,computer,Desktop or Laptop,Windows 10,Chrome 107.0.0.0,2560x1440,1341x1287,,Language Background,5,Block 4-A,soundCheckPassed,No,response-where,"Aprendí español creciendo en México, y por medio de la educación básica."
10,1669955042126,02/12/2022 04:24:02,1669955038789,-7,01/12/2022 21:23:58,92237,21,questionnaire-enic,,25622542,BLIND,7588899,,complete,,63897d069e711470f1c31868,computer,Desktop or Laptop,Windows 10,Chrome 107.0.0.0,2560x1440,1341x1287,,Language Background,5,Block 4-A,soundCheckPassed,No,response-aoa,0
11,1669955042126,02/12/2022 04:24:02,1669955038789,-7,01/12/2022 21:23:58,92237,21,questionnaire-enic,,25622542,BLIND,7588899,,complete,,63897d069e711470f1c31868,computer,Desktop or Laptop,Windows 10,Chrome 107.0.0.0,2560x1440,1341x1287,,Language Background,5,Block 4-A,soundCheckPassed,No,END QUESTIONNAIRE,161713
1,1669955035422,02/12/2022 04:23:55,1669955036011,-8,01/12/2022 20:23:56,92237,21,questionnaire-enic,,25622554,BLIND,7588902,,complete,,63897dc2614bef2fcf2fc5f7,computer,Desktop or Laptop,Windows 10,Firefox 107.0,1707x960,1707x779,,Language Background,5,Block 3-B,soundCheckPassed,No,BEGIN QUESTIONNAIRE,
2,1669955222893,02/12/2022 04:27:02,1669955222954,-8,01/12/2022 20:27:02,92237,21,questionnaire-enic,,25622554,BLIND,7588902,,complete,,63897dc2614bef2fcf2fc5f7,computer,Desktop or Laptop,Windows 10,Firefox 107.0,1707x960,1689x779,,Language Background,5,Block 3-B,soundCheckPassed,No,response-1,25-35
3,1669955223089,02/12/2022 04:27:03,1669955222955,-8,01/12/2022 20:27:02,92237,21,questionnaire-enic,,25622554,BLIND,7588902,,complete,,63897dc2614bef2fcf2fc5f7,computer,Desktop or Laptop,Windows 10,Firefox 107.0,1707x960,1689x779,,Language Background,5,Block 3-B,soundCheckPassed,No,response-1-quantised,2
4,1669955223089,02/12/2022 04:27:03,1669955222955,-8,01/12/2022 20:27:02,92237,21,questionnaire-enic,,25622554,BLIND,7588902,,complete,,63897dc2614bef2fcf2fc5f7,computer,Desktop or Laptop,Windows 10,Firefox 107.0,1707x960,1689x779,,Language Background,5,Block 3-B,soundCheckPassed,No,response-gender,Hombre
5,1669955223089,02/12/2022 04:27:03,1669955222955,-8,01/12/2022 20:27:02,92237,21,questionnaire-enic,,25622554,BLIND,7588902,,complete,,63897dc2614bef2fcf2fc5f7,computer,Desktop or Laptop,Windows 10,Firefox 107.0,1707x960,1689x779,,Language Background,5,Block 3-B,soundCheckPassed,No,response-impairment,No
6,1669955223089,02/12/2022 04:27:03,1669955222955,-8,01/12/2022 20:27:02,92237,21,questionnaire-enic,,25622554,BLIND,7588902,,complete,,63897dc2614bef2fcf2fc5f7,computer,Desktop or Laptop,Windows 10,Firefox 107.0,1707x960,1689x779,,Language Background,5,Block 3-B,soundCheckPassed,No,response-impairment-quantised,2
7,1669955223089,02/12/2022 04:27:03,1669955222955,-8,01/12/2022 20:27:02,92237,21,questionnaire-enic,,25622554,BLIND,7588902,,complete,,63897dc2614bef2fcf2fc5f7,computer,Desktop or Laptop,Windows 10,Firefox 107.0,1707x960,1689x779,,Language Background,5,Block 3-B,soundCheckPassed,No,response-native,"Si, soy hablante nativo de español."
8,1669955223089,02/12/2022 04:27:03,1669955222955,-8,01/12/2022 20:27:02,92237,21,questionnaire-enic,,25622554,BLIND,7588902,,complete,,63897dc2614bef2fcf2fc5f7,computer,Desktop or Laptop,Windows 10,Firefox 107.0,1707x960,1689x779,,Language Background,5,Block 3-B,soundCheckPassed,No,response-fluency,Inglés
9,1669955223089,02/12/2022 04:27:03,1669955222955,-8,01/12/2022 20:27:02,92237,21,questionnaire-enic,,25622554,BLIND,7588902,,complete,,63897dc2614bef2fcf2fc5f7,computer,Desktop or Laptop,Windows 10,Firefox 107.0,1707x960,1689x779,,Language Background,5,Block 3-B,soundCheckPassed,No,response-where,"Casa, de mi familia."
10,1669955223089,02/12/2022 04:27:03,1669955222955,-8,01/12/2022 20:27:02,92237,21,questionnaire-enic,,25622554,BLIND,7588902,,complete,,63897dc2614bef2fcf2fc5f7,computer,Desktop or Laptop,Windows 10,Firefox 107.0,1707x960,1689x779,,Language Background,5,Block 3-B,soundCheckPassed,No,response-aoa,5
11,1669955223089,02/12/2022 04:27:03,1669955222955,-8,01/12/2022 20:27:02,92237,21,questionnaire-enic,,25622554,BLIND,7588902,,complete,,63897dc2614bef2fcf2fc5f7,computer,Desktop or Laptop,Windows 10,Firefox 107.0,1707x960,1689x779,,Language Background,5,Block 3-B,soundCheckPassed,No,END QUESTIONNAIRE,186944
1,1669955471803,02/12/2022 04:31:11,1669955472727,-6,01/12/2022 22:31:12,92237,21,questionnaire-enic,,25622581,BLIND,7588905,,complete,,63897f49614bef2fcf2fc603,computer,Desktop or Laptop,Windows 10,Chrome 107.0.0.0,1536x864,1536x722,,Language Background,5,Block 6-B,soundCheckPassed,No,BEGIN QUESTIONNAIRE,
2,1669955545412,02/12/2022 04:32:25,1669955546348,-6,01/12/2022 22:32:26,92237,21,questionnaire-enic,,25622581,BLIND,7588905,,complete,,63897f49614bef2fcf2fc603,computer,Desktop or Laptop,Windows 10,Chrome 107.0.0.0,1536x864,1519x722,,Language Background,5,Block 6-B,soundCheckPassed,No,response-1,25-35
3,1669955545586,02/12/2022 04:32:25,1669955546352,-6,01/12/2022 22:32:26,92237,21,questionnaire-enic,,25622581,BLIND,7588905,,complete,,63897f49614bef2fcf2fc603,computer,Desktop or Laptop,Windows 10,Chrome 107.0.0.0,1536x864,1519x722,,Language Background,5,Block 6-B,soundCheckPassed,No,response-1-quantised,2
4,1669955545586,02/12/2022 04:32:25,1669955546353,-6,01/12/2022 22:32:26,92237,21,questionnaire-enic,,25622581,BLIND,7588905,,complete,,63897f49614bef2fcf2fc603,computer,Desktop or Laptop,Windows 10,Chrome 107.0.0.0,1536x864,1519x722,,Language Background,5,Block 6-B,soundCheckPassed,No,response-gender,femenino
5,1669955545586,02/12/2022 04:32:25,1669955546353,-6,01/12/2022 22:32:26,92237,21,questionnaire-enic,,25622581,BLIND,7588905,,complete,,63897f49614bef2fcf2fc603,computer,Desktop or Laptop,Windows 10,Chrome 107.0.0.0,1536x864,1519x722,,Language Background,5,Block 6-B,soundCheckPassed,No,response-impairment,No
6,1669955545586,02/12/2022 04:32:25,1669955546354,-6,01/12/2022 22:32:26,92237,21,questionnaire-enic,,25622581,BLIND,7588905,,complete,,63897f49614bef2fcf2fc603,computer,Desktop or Laptop,Windows 10,Chrome 107.0.0.0,1536x864,1519x722,,Language Background,5,Block 6-B,soundCheckPassed,No,response-impairment-quantised,2
7,1669955545586,02/12/2022 04:32:25,1669955546354,-6,01/12/2022 22:32:26,92237,21,questionnaire-enic,,25622581,BLIND,7588905,,complete,,63897f49614bef2fcf2fc603,computer,Desktop or Laptop,Windows 10,Chrome 107.0.0.0,1536x864,1519x722,,Language Background,5,Block 6-B,soundCheckPassed,No,response-native,Si
8,1669955545586,02/12/2022 04:32:25,1669955546355,-6,01/12/2022 22:32:26,92237,21,questionnaire-enic,,25622581,BLIND,7588905,,complete,,63897f49614bef2fcf2fc603,computer,Desktop or Laptop,Windows 10,Chrome 107.0.0.0,1536x864,1519x722,,Language Background,5,Block 6-B,soundCheckPassed,No,response-fluency,"Ingles, 5 anos"
9,1669955545586,02/12/2022 04:32:25,1669955546355,-6,01/12/2022 22:32:26,92237,21,questionnaire-enic,,25622581,BLIND,7588905,,complete,,63897f49614bef2fcf2fc603,computer,Desktop or Laptop,Windows 10,Chrome 107.0.0.0,1536x864,1519x722,,Language Background,5,Block 6-B,soundCheckPassed,No,response-where,Estados Unidos
10,1669955545586,02/12/2022 04:32:25,1669955546356,-6,01/12/2022 22:32:26,92237,21,questionnaire-enic,,25622581,BLIND,7588905,,complete,,63897f49614bef2fcf2fc603,computer,Desktop or Laptop,Windows 10,Chrome 107.0.0.0,1536x864,1519x722,,Language Background,5,Block 6-B,soundCheckPassed,No,response-aoa,1
11,1669955545586,02/12/2022 04:32:25,1669955546356,-6,01/12/2022 22:32:26,92237,21,questionnaire-enic,,25622581,BLIND,7588905,,complete,,63897f49614bef2fcf2fc603,computer,Desktop or Laptop,Windows 10,Chrome 107.0.0.0,1536x864,1519x722,,Language Background,5,Block 6-B,soundCheckPassed,No,END QUESTIONNAIRE,73629
1,1669955594269,02/12/2022 04:33:14,1669955594011,-5,01/12/2022 23:33:14,92237,21,questionnaire-enic,,25622592,BLIND,7588908,,complete,,63897ff755f349851d5528cc,mobile,Apple iPhone,iOS 15.6.1,Mobile Safari 15.6.1,390x844,390x664,,Language Background,5,Block 9-A,soundCheckPassed,No,BEGIN QUESTIONNAIRE,
2,1669955671960,02/12/2022 04:34:31,1669955671446,-5,01/12/2022 23:34:31,92237,21,questionnaire-enic,,25622592,BLIND,7588908,,complete,,63897ff755f349851d5528cc,mobile,Apple iPhone,iOS 15.6.1,Mobile Safari 15.6.1,390x844,390x664,,Language Background,5,Block 9-A,soundCheckPassed,No,response-1,18-25
3,1669955672095,02/12/2022 04:34:32,1669955671456,-5,01/12/2022 23:34:31,92237,21,questionnaire-enic,,25622592,BLIND,7588908,,complete,,63897ff755f349851d5528cc,mobile,Apple iPhone,iOS 15.6.1,Mobile Safari 15.6.1,390x844,390x664,,Language Background,5,Block 9-A,soundCheckPassed,No,response-1-quantised,1
4,1669955672095,02/12/2022 04:34:32,1669955671456,-5,01/12/2022 23:34:31,92237,21,questionnaire-enic,,25622592,BLIND,7588908,,complete,,63897ff755f349851d5528cc,mobile,Apple iPhone,iOS 15.6.1,Mobile Safari 15.6.1,390x844,390x664,,Language Background,5,Block 9-A,soundCheckPassed,No,response-gender,Female
5,1669955672095,02/12/2022 04:34:32,1669955671456,-5,01/12/2022 23:34:31,92237,21,questionnaire-enic,,25622592,BLIND,7588908,,complete,,63897ff755f349851d5528cc,mobile,Apple iPhone,iOS 15.6.1,Mobile Safari 15.6.1,390x844,390x664,,Language Background,5,Block 9-A,soundCheckPassed,No,response-impairment,No
6,1669955672095,02/12/2022 04:34:32,1669955671456,-5,01/12/2022 23:34:31,92237,21,questionnaire-enic,,25622592,BLIND,7588908,,complete,,63897ff755f349851d5528cc,mobile,Apple iPhone,iOS 15.6.1,Mobile Safari 15.6.1,390x844,390x664,,Language Background,5,Block 9-A,soundCheckPassed,No,response-impairment-quantised,2
7,1669955672095,02/12/2022 04:34:32,1669955671456,-5,01/12/2022 23:34:31,92237,21,questionnaire-enic,,25622592,BLIND,7588908,,complete,,63897ff755f349851d5528cc,mobile,Apple iPhone,iOS 15.6.1,Mobile Safari 15.6.1,390x844,390x664,,Language Background,5,Block 9-A,soundCheckPassed,No,response-native,si
8,1669955672095,02/12/2022 04:34:32,1669955671456,-5,01/12/2022 23:34:31,92237,21,questionnaire-enic,,25622592,BLIND,7588908,,complete,,63897ff755f349851d5528cc,mobile,Apple iPhone,iOS 15.6.1,Mobile Safari 15.6.1,390x844,390x664,,Language Background,5,Block 9-A,soundCheckPassed,No,response-fluency,Inglés
9,1669955672095,02/12/2022 04:34:32,1669955671456,-5,01/12/2022 23:34:31,92237,21,questionnaire-enic,,25622592,BLIND,7588908,,complete,,63897ff755f349851d5528cc,mobile,Apple iPhone,iOS 15.6.1,Mobile Safari 15.6.1,390x844,390x664,,Language Background,5,Block 9-A,soundCheckPassed,No,response-where,Mis partes
10,1669955672095,02/12/2022 04:34:32,1669955671457,-5,01/12/2022 23:34:31,92237,21,questionnaire-enic,,25622592,BLIND,7588908,,complete,,63897ff755f349851d5528cc,mobile,Apple iPhone,iOS 15.6.1,Mobile Safari 15.6.1,390x844,390x664,,Language Background,5,Block 9-A,soundCheckPassed,No,response-aoa,5
11,1669955672095,02/12/2022 04:34:32,1669955671457,-5,01/12/2022 23:34:31,92237,21,questionnaire-enic,,25622592,BLIND,7588908,,complete,,63897ff755f349851d5528cc,mobile,Apple iPhone,iOS 15.6.1,Mobile Safari 15.6.1,390x844,390x664,,Language Background,5,Block 9-A,soundCheckPassed,No,END QUESTIONNAIRE,77446
1,1669956865517,02/12/2022 04:54:25,1669956865573,-6,01/12/2022 22:54:25,92237,21,questionnaire-enic,,25622708,BLIND,7588939,,complete,,638984f0a96d0ca0744ff87f,computer,Desktop or Laptop,Windows 10,Chrome 107.0.0.0,1920x1080,1920x929,,Language Background,5,Block 1-A,soundCheckPassed,No,BEGIN QUESTIONNAIRE,
2,1669956914362,02/12/2022 04:55:14,1669956914457,-6,01/12/2022 22:55:14,92237,21,questionnaire-enic,,25622708,BLIND,7588939,,complete,,638984f0a96d0ca0744ff87f,computer,Desktop or Laptop,Windows 10,Chrome 107.0.0.0,1920x1080,1903x929,,Language Background,5,Block 1-A,soundCheckPassed,No,response-1,18-25
3,1669956914524,02/12/2022 04:55:14,1669956914458,-6,01/12/2022 22:55:14,92237,21,questionnaire-enic,,25622708,BLIND,7588939,,complete,,638984f0a96d0ca0744ff87f,computer,Desktop or Laptop,Windows 10,Chrome 107.0.0.0,1920x1080,1903x929,,Language Background,5,Block 1-A,soundCheckPassed,No,response-1-quantised,1
4,1669956914524,02/12/2022 04:55:14,1669956914458,-6,01/12/2022 22:55:14,92237,21,questionnaire-enic,,25622708,BLIND,7588939,,complete,,638984f0a96d0ca0744ff87f,computer,Desktop or Laptop,Windows 10,Chrome 107.0.0.0,1920x1080,1903x929,,Language Background,5,Block 1-A,soundCheckPassed,No,response-gender,Mujer
5,1669956914524,02/12/2022 04:55:14,1669956914458,-6,01/12/2022 22:55:14,92237,21,questionnaire-enic,,25622708,BLIND,7588939,,complete,,638984f0a96d0ca0744ff87f,computer,Desktop or Laptop,Windows 10,Chrome 107.0.0.0,1920x1080,1903x929,,Language Background,5,Block 1-A,soundCheckPassed,No,response-impairment,No
6,1669956914524,02/12/2022 04:55:14,1669956914458,-6,01/12/2022 22:55:14,92237,21,questionnaire-enic,,25622708,BLIND,7588939,,complete,,638984f0a96d0ca0744ff87f,computer,Desktop or Laptop,Windows 10,Chrome 107.0.0.0,1920x1080,1903x929,,Language Background,5,Block 1-A,soundCheckPassed,No,response-impairment-quantised,2
7,1669956914524,02/12/2022 04:55:14,1669956914458,-6,01/12/2022 22:55:14,92237,21,questionnaire-enic,,25622708,BLIND,7588939,,complete,,638984f0a96d0ca0744ff87f,computer,Desktop or Laptop,Windows 10,Chrome 107.0.0.0,1920x1080,1903x929,,Language Background,5,Block 1-A,soundCheckPassed,No,response-native,Si
8,1669956914524,02/12/2022 04:55:14,1669956914458,-6,01/12/2022 22:55:14,92237,21,questionnaire-enic,,25622708,BLIND,7588939,,complete,,638984f0a96d0ca0744ff87f,computer,Desktop or Laptop,Windows 10,Chrome 107.0.0.0,1920x1080,1903x929,,Language Background,5,Block 1-A,soundCheckPassed,No,response-fluency,"Ingles, 4-5"
9,1669956914524,02/12/2022 04:55:14,1669956914459,-6,01/12/2022 22:55:14,92237,21,questionnaire-enic,,25622708,BLIND,7588939,,complete,,638984f0a96d0ca0744ff87f,computer,Desktop or Laptop,Windows 10,Chrome 107.0.0.0,1920x1080,1903x929,,Language Background,5,Block 1-A,soundCheckPassed,No,response-where,de mis padres
10,1669956914524,02/12/2022 04:55:14,1669956914459,-6,01/12/2022 22:55:14,92237,21,questionnaire-enic,,25622708,BLIND,7588939,,complete,,638984f0a96d0ca0744ff87f,computer,Desktop or Laptop,Windows 10,Chrome 107.0.0.0,1920x1080,1903x929,,Language Background,5,Block 1-A,soundCheckPassed,No,response-aoa,3
11,1669956914524,02/12/2022 04:55:14,1669956914459,-6,01/12/2022 22:55:14,92237,21,questionnaire-enic,,25622708,BLIND,7588939,,complete,,638984f0a96d0ca0744ff87f,computer,Desktop or Laptop,Windows 10,Chrome 107.0.0.0,1920x1080,1903x929,,Language Background,5,Block 1-A,soundCheckPassed,No,END QUESTIONNAIRE,48886
1,1669957196141,02/12/2022 04:59:56,1669957195380,-6,01/12/2022 22:59:55,92237,21,questionnaire-enic,,25622734,BLIND,7588945,,complete,,638985c237e7ba36fcc30ee0,computer,Desktop or Laptop,Windows 10,Chrome 107.0.0.0,1366x768,1366x625,,Language Background,5,Block 9-B,soundCheckPassed,No,BEGIN QUESTIONNAIRE,
2,1669957356862,02/12/2022 05:02:36,1669957355880,-6,01/12/2022 23:02:35,92237,21,questionnaire-enic,,25622734,BLIND,7588945,,complete,,638985c237e7ba36fcc30ee0,computer,Desktop or Laptop,Windows 10,Chrome 107.0.0.0,1366x768,1349x625,,Language Background,5,Block 9-B,soundCheckPassed,No,response-1,25-35
3,1669957357012,02/12/2022 05:02:37,1669957355883,-6,01/12/2022 23:02:35,92237,21,questionnaire-enic,,25622734,BLIND,7588945,,complete,,638985c237e7ba36fcc30ee0,computer,Desktop or Laptop,Windows 10,Chrome 107.0.0.0,1366x768,1349x625,,Language Background,5,Block 9-B,soundCheckPassed,No,response-1-quantised,2
4,1669957357012,02/12/2022 05:02:37,1669957355883,-6,01/12/2022 23:02:35,92237,21,questionnaire-enic,,25622734,BLIND,7588945,,complete,,638985c237e7ba36fcc30ee0,computer,Desktop or Laptop,Windows 10,Chrome 107.0.0.0,1366x768,1349x625,,Language Background,5,Block 9-B,soundCheckPassed,No,response-gender,femenina
5,1669957357012,02/12/2022 05:02:37,1669957355883,-6,01/12/2022 23:02:35,92237,21,questionnaire-enic,,25622734,BLIND,7588945,,complete,,638985c237e7ba36fcc30ee0,computer,Desktop or Laptop,Windows 10,Chrome 107.0.0.0,1366x768,1349x625,,Language Background,5,Block 9-B,soundCheckPassed,No,response-impairment,No
6,1669957357012,02/12/2022 05:02:37,1669957355884,-6,01/12/2022 23:02:35,92237,21,questionnaire-enic,,25622734,BLIND,7588945,,complete,,638985c237e7ba36fcc30ee0,computer,Desktop or Laptop,Windows 10,Chrome 107.0.0.0,1366x768,1349x625,,Language Background,5,Block 9-B,soundCheckPassed,No,response-impairment-quantised,2
7,1669957357012,02/12/2022 05:02:37,1669957355884,-6,01/12/2022 23:02:35,92237,21,questionnaire-enic,,25622734,BLIND,7588945,,complete,,638985c237e7ba36fcc30ee0,computer,Desktop or Laptop,Windows 10,Chrome 107.0.0.0,1366x768,1349x625,,Language Background,5,Block 9-B,soundCheckPassed,No,response-native,si
8,1669957357012,02/12/2022 05:02:37,1669957355884,-6,01/12/2022 23:02:35,92237,21,questionnaire-enic,,25622734,BLIND,7588945,,complete,,638985c237e7ba36fcc30ee0,computer,Desktop or Laptop,Windows 10,Chrome 107.0.0.0,1366x768,1349x625,,Language Background,5,Block 9-B,soundCheckPassed,No,response-fluency,Ingles 
9,1669957357012,02/12/2022 05:02:37,1669957355885,-6,01/12/2022 23:02:35,92237,21,questionnaire-enic,,25622734,BLIND,7588945,,complete,,638985c237e7ba36fcc30ee0,computer,Desktop or Laptop,Windows 10,Chrome 107.0.0.0,1366x768,1349x625,,Language Background,5,Block 9-B,soundCheckPassed,No,response-where,Espanol es mi primero idioma 
10,1669957357012,02/12/2022 05:02:37,1669957355885,-6,01/12/2022 23:02:35,92237,21,questionnaire-enic,,25622734,BLIND,7588945,,complete,,638985c237e7ba36fcc30ee0,computer,Desktop or Laptop,Windows 10,Chrome 107.0.0.0,1366x768,1349x625,,Language Background,5,Block 9-B,soundCheckPassed,No,response-aoa,0
11,1669957357012,02/12/2022 05:02:37,1669957355885,-6,01/12/2022 23:02:35,92237,21,questionnaire-enic,,25622734,BLIND,7588945,,complete,,638985c237e7ba36fcc30ee0,computer,Desktop or Laptop,Windows 10,Chrome 107.0.0.0,1366x768,1349x625,,Language Background,5,Block 9-B,soundCheckPassed,No,END QUESTIONNAIRE,160505
1,1669957313711,02/12/2022 05:01:53,1669957313411,-8,01/12/2022 21:01:53,92237,21,questionnaire-enic,,25622757,BLIND,7588947,,complete,,63898633e36c0bb684eb488f,computer,Desktop or Laptop,Mac OS 10.15.7,Safari 15.6.1,1440x900,949x736,,Language Background,5,Block 8-A,soundCheckPassed,No,BEGIN QUESTIONNAIRE,
2,1669957447236,02/12/2022 05:04:07,1669957446484,-8,01/12/2022 21:04:06,92237,21,questionnaire-enic,,25622757,BLIND,7588947,,complete,,63898633e36c0bb684eb488f,computer,Desktop or Laptop,Mac OS 10.15.7,Safari 15.6.1,1440x900,949x736,,Language Background,5,Block 8-A,soundCheckPassed,No,response-1,18-25
3,1669957447432,02/12/2022 05:04:07,1669957446486,-8,01/12/2022 21:04:06,92237,21,questionnaire-enic,,25622757,BLIND,7588947,,complete,,63898633e36c0bb684eb488f,computer,Desktop or Laptop,Mac OS 10.15.7,Safari 15.6.1,1440x900,949x736,,Language Background,5,Block 8-A,soundCheckPassed,No,response-1-quantised,1
4,1669957447432,02/12/2022 05:04:07,1669957446486,-8,01/12/2022 21:04:06,92237,21,questionnaire-enic,,25622757,BLIND,7588947,,complete,,63898633e36c0bb684eb488f,computer,Desktop or Laptop,Mac OS 10.15.7,Safari 15.6.1,1440x900,949x736,,Language Background,5,Block 8-A,soundCheckPassed,No,response-gender,Masculino
5,1669957447432,02/12/2022 05:04:07,1669957446486,-8,01/12/2022 21:04:06,92237,21,questionnaire-enic,,25622757,BLIND,7588947,,complete,,63898633e36c0bb684eb488f,computer,Desktop or Laptop,Mac OS 10.15.7,Safari 15.6.1,1440x900,949x736,,Language Background,5,Block 8-A,soundCheckPassed,No,response-impairment,No
6,1669957447432,02/12/2022 05:04:07,1669957446487,-8,01/12/2022 21:04:06,92237,21,questionnaire-enic,,25622757,BLIND,7588947,,complete,,63898633e36c0bb684eb488f,computer,Desktop or Laptop,Mac OS 10.15.7,Safari 15.6.1,1440x900,949x736,,Language Background,5,Block 8-A,soundCheckPassed,No,response-impairment-quantised,2
7,1669957447432,02/12/2022 05:04:07,1669957446487,-8,01/12/2022 21:04:06,92237,21,questionnaire-enic,,25622757,BLIND,7588947,,complete,,63898633e36c0bb684eb488f,computer,Desktop or Laptop,Mac OS 10.15.7,Safari 15.6.1,1440x900,949x736,,Language Background,5,Block 8-A,soundCheckPassed,No,response-native,Si. 
8,1669957447432,02/12/2022 05:04:07,1669957446487,-8,01/12/2022 21:04:06,92237,21,questionnaire-enic,,25622757,BLIND,7588947,,complete,,63898633e36c0bb684eb488f,computer,Desktop or Laptop,Mac OS 10.15.7,Safari 15.6.1,1440x900,949x736,,Language Background,5,Block 8-A,soundCheckPassed,No,response-fluency,Puedo hablar el Ingles con fluidez. Aprendi a hablar ingles como a los 3 o 4. 
9,1669957447432,02/12/2022 05:04:07,1669957446487,-8,01/12/2022 21:04:06,92237,21,questionnaire-enic,,25622757,BLIND,7588947,,complete,,63898633e36c0bb684eb488f,computer,Desktop or Laptop,Mac OS 10.15.7,Safari 15.6.1,1440x900,949x736,,Language Background,5,Block 8-A,soundCheckPassed,No,response-where,Aprendi espanol en casa. Mis padres solamente sabian espanol entonces yo nada mas sabia hablar espanol a una muy temprana edad. 
10,1669957447432,02/12/2022 05:04:07,1669957446487,-8,01/12/2022 21:04:06,92237,21,questionnaire-enic,,25622757,BLIND,7588947,,complete,,63898633e36c0bb684eb488f,computer,Desktop or Laptop,Mac OS 10.15.7,Safari 15.6.1,1440x900,949x736,,Language Background,5,Block 8-A,soundCheckPassed,No,response-aoa,0
11,1669957447432,02/12/2022 05:04:07,1669957446487,-8,01/12/2022 21:04:06,92237,21,questionnaire-enic,,25622757,BLIND,7588947,,complete,,63898633e36c0bb684eb488f,computer,Desktop or Laptop,Mac OS 10.15.7,Safari 15.6.1,1440x900,949x736,,Language Background,5,Block 8-A,soundCheckPassed,No,END QUESTIONNAIRE,133076
1,1669952800927,02/12/2022 03:46:40,1669952800438,-6,01/12/2022 21:46:40,92237,21,questionnaire-enic,,25622429,BLIND,7588880,,complete,,638974fc642773387b0fa186,mobile,Apple iPhone,iOS 15.6.1,Mobile Safari 15.6.1,414x896,414x714,,Language Background,5,Block 6-A,soundCheckPassed,No,BEGIN QUESTIONNAIRE,
2,1669952851539,02/12/2022 03:47:31,1669952851079,-6,01/12/2022 21:47:31,92237,21,questionnaire-enic,,25622429,BLIND,7588880,,complete,,638974fc642773387b0fa186,mobile,Apple iPhone,iOS 15.6.1,Mobile Safari 15.6.1,414x896,414x714,,Language Background,5,Block 6-A,soundCheckPassed,No,response-1,18-25
3,1669952851987,02/12/2022 03:47:31,1669952851083,-6,01/12/2022 21:47:31,92237,21,questionnaire-enic,,25622429,BLIND,7588880,,complete,,638974fc642773387b0fa186,mobile,Apple iPhone,iOS 15.6.1,Mobile Safari 15.6.1,414x896,414x714,,Language Background,5,Block 6-A,soundCheckPassed,No,response-1-quantised,1
4,1669952851987,02/12/2022 03:47:31,1669952851083,-6,01/12/2022 21:47:31,92237,21,questionnaire-enic,,25622429,BLIND,7588880,,complete,,638974fc642773387b0fa186,mobile,Apple iPhone,iOS 15.6.1,Mobile Safari 15.6.1,414x896,414x714,,Language Background,5,Block 6-A,soundCheckPassed,No,response-gender,femenino
5,1669952851987,02/12/2022 03:47:31,1669952851083,-6,01/12/2022 21:47:31,92237,21,questionnaire-enic,,25622429,BLIND,7588880,,complete,,638974fc642773387b0fa186,mobile,Apple iPhone,iOS 15.6.1,Mobile Safari 15.6.1,414x896,414x714,,Language Background,5,Block 6-A,soundCheckPassed,No,response-impairment,No
6,1669952851987,02/12/2022 03:47:31,1669952851083,-6,01/12/2022 21:47:31,92237,21,questionnaire-enic,,25622429,BLIND,7588880,,complete,,638974fc642773387b0fa186,mobile,Apple iPhone,iOS 15.6.1,Mobile Safari 15.6.1,414x896,414x714,,Language Background,5,Block 6-A,soundCheckPassed,No,response-impairment-quantised,2
7,1669952851987,02/12/2022 03:47:31,1669952851083,-6,01/12/2022 21:47:31,92237,21,questionnaire-enic,,25622429,BLIND,7588880,,complete,,638974fc642773387b0fa186,mobile,Apple iPhone,iOS 15.6.1,Mobile Safari 15.6.1,414x896,414x714,,Language Background,5,Block 6-A,soundCheckPassed,No,response-native,Si
8,1669952851987,02/12/2022 03:47:31,1669952851083,-6,01/12/2022 21:47:31,92237,21,questionnaire-enic,,25622429,BLIND,7588880,,complete,,638974fc642773387b0fa186,mobile,Apple iPhone,iOS 15.6.1,Mobile Safari 15.6.1,414x896,414x714,,Language Background,5,Block 6-A,soundCheckPassed,No,response-fluency,"Ingles, 5 años"
9,1669952851987,02/12/2022 03:47:31,1669952851083,-6,01/12/2022 21:47:31,92237,21,questionnaire-enic,,25622429,BLIND,7588880,,complete,,638974fc642773387b0fa186,mobile,Apple iPhone,iOS 15.6.1,Mobile Safari 15.6.1,414x896,414x714,,Language Background,5,Block 6-A,soundCheckPassed,No,response-where,en casa
10,1669952851987,02/12/2022 03:47:31,1669952851084,-6,01/12/2022 21:47:31,92237,21,questionnaire-enic,,25622429,BLIND,7588880,,complete,,638974fc642773387b0fa186,mobile,Apple iPhone,iOS 15.6.1,Mobile Safari 15.6.1,414x896,414x714,,Language Background,5,Block 6-A,soundCheckPassed,No,response-aoa,1
11,1669952851987,02/12/2022 03:47:31,1669952851084,-6,01/12/2022 21:47:31,92237,21,questionnaire-enic,,25622429,BLIND,7588880,,complete,,638974fc642773387b0fa186,mobile,Apple iPhone,iOS 15.6.1,Mobile Safari 15.6.1,414x896,414x714,,Language Background,5,Block 6-A,soundCheckPassed,No,END QUESTIONNAIRE,50646
1,1669950484477,02/12/2022 03:08:04,1669950484323,-6,01/12/2022 21:08:04,92237,21,questionnaire-enic,,25622290,BLIND,7588845,,complete,,63896bf9f87fd4ede0eb48ea,computer,Desktop or Laptop,Windows 10,Chrome 107.0.0.0,1366x768,1366x657,,Language Background,5,Block 5-B,soundCheckPassed,No,BEGIN QUESTIONNAIRE,
2,1669950559312,02/12/2022 03:09:19,1669950559197,-6,01/12/2022 21:09:19,92237,21,questionnaire-enic,,25622290,BLIND,7588845,,complete,,63896bf9f87fd4ede0eb48ea,computer,Desktop or Laptop,Windows 10,Chrome 107.0.0.0,1366x768,1349x657,,Language Background,5,Block 5-B,soundCheckPassed,No,response-1,45-55
3,1669950559493,02/12/2022 03:09:19,1669950559198,-6,01/12/2022 21:09:19,92237,21,questionnaire-enic,,25622290,BLIND,7588845,,complete,,63896bf9f87fd4ede0eb48ea,computer,Desktop or Laptop,Windows 10,Chrome 107.0.0.0,1366x768,1349x657,,Language Background,5,Block 5-B,soundCheckPassed,No,response-1-quantised,4
4,1669950559493,02/12/2022 03:09:19,1669950559198,-6,01/12/2022 21:09:19,92237,21,questionnaire-enic,,25622290,BLIND,7588845,,complete,,63896bf9f87fd4ede0eb48ea,computer,Desktop or Laptop,Windows 10,Chrome 107.0.0.0,1366x768,1349x657,,Language Background,5,Block 5-B,soundCheckPassed,No,response-gender,Femenino
5,1669950559493,02/12/2022 03:09:19,1669950559199,-6,01/12/2022 21:09:19,92237,21,questionnaire-enic,,25622290,BLIND,7588845,,complete,,63896bf9f87fd4ede0eb48ea,computer,Desktop or Laptop,Windows 10,Chrome 107.0.0.0,1366x768,1349x657,,Language Background,5,Block 5-B,soundCheckPassed,No,response-impairment,No
6,1669950559493,02/12/2022 03:09:19,1669950559199,-6,01/12/2022 21:09:19,92237,21,questionnaire-enic,,25622290,BLIND,7588845,,complete,,63896bf9f87fd4ede0eb48ea,computer,Desktop or Laptop,Windows 10,Chrome 107.0.0.0,1366x768,1349x657,,Language Background,5,Block 5-B,soundCheckPassed,No,response-impairment-quantised,2
7,1669950559493,02/12/2022 03:09:19,1669950559199,-6,01/12/2022 21:09:19,92237,21,questionnaire-enic,,25622290,BLIND,7588845,,complete,,63896bf9f87fd4ede0eb48ea,computer,Desktop or Laptop,Windows 10,Chrome 107.0.0.0,1366x768,1349x657,,Language Background,5,Block 5-B,soundCheckPassed,No,response-native,"Si, soy hablante nativo de español."
8,1669950559493,02/12/2022 03:09:19,1669950559199,-6,01/12/2022 21:09:19,92237,21,questionnaire-enic,,25622290,BLIND,7588845,,complete,,63896bf9f87fd4ede0eb48ea,computer,Desktop or Laptop,Windows 10,Chrome 107.0.0.0,1366x768,1349x657,,Language Background,5,Block 5-B,soundCheckPassed,No,response-fluency,Ingles;  aprendi a los 9 años;  frances:  aprendi a los 14 añoa
9,1669950559493,02/12/2022 03:09:19,1669950559199,-6,01/12/2022 21:09:19,92237,21,questionnaire-enic,,25622290,BLIND,7588845,,complete,,63896bf9f87fd4ede0eb48ea,computer,Desktop or Laptop,Windows 10,Chrome 107.0.0.0,1366x768,1349x657,,Language Background,5,Block 5-B,soundCheckPassed,No,response-where,"Donde naci, en Guadalajara, Jalisco, Mexico"
10,1669950559493,02/12/2022 03:09:19,1669950559199,-6,01/12/2022 21:09:19,92237,21,questionnaire-enic,,25622290,BLIND,7588845,,complete,,63896bf9f87fd4ede0eb48ea,computer,Desktop or Laptop,Windows 10,Chrome 107.0.0.0,1366x768,1349x657,,Language Background,5,Block 5-B,soundCheckPassed,No,response-aoa,0
11,1669950559493,02/12/2022 03:09:19,1669950559200,-6,01/12/2022 21:09:19,92237,21,questionnaire-enic,,25622290,BLIND,7588845,,complete,,63896bf9f87fd4ede0eb48ea,computer,Desktop or Laptop,Windows 10,Chrome 107.0.0.0,1366x768,1349x657,,Language Background,5,Block 5-B,soundCheckPassed,No,END QUESTIONNAIRE,74877
1,1669947887354,02/12/2022 02:24:47,1669947887046,-6,01/12/2022 20:24:47,92237,21,questionnaire-enic,,25622089,BLIND,7588807,,complete,,63896146c272e00b4093d3b5,computer,Desktop or Laptop,Mac OS 10.15.7,Chrome 106.0.0.0,1440x900,1317x637,,Language Background,5,Block 3-A,soundCheckPassed,No,BEGIN QUESTIONNAIRE,
2,1669947957854,02/12/2022 02:25:57,1669947957566,-6,01/12/2022 20:25:57,92237,21,questionnaire-enic,,25622089,BLIND,7588807,,complete,,63896146c272e00b4093d3b5,computer,Desktop or Laptop,Mac OS 10.15.7,Chrome 106.0.0.0,1440x900,1317x637,,Language Background,5,Block 3-A,soundCheckPassed,No,response-1,25-35
3,1669947958018,02/12/2022 02:25:58,1669947957567,-6,01/12/2022 20:25:57,92237,21,questionnaire-enic,,25622089,BLIND,7588807,,complete,,63896146c272e00b4093d3b5,computer,Desktop or Laptop,Mac OS 10.15.7,Chrome 106.0.0.0,1440x900,1317x637,,Language Background,5,Block 3-A,soundCheckPassed,No,response-1-quantised,2
4,1669947958018,02/12/2022 02:25:58,1669947957567,-6,01/12/2022 20:25:57,92237,21,questionnaire-enic,,25622089,BLIND,7588807,,complete,,63896146c272e00b4093d3b5,computer,Desktop or Laptop,Mac OS 10.15.7,Chrome 106.0.0.0,1440x900,1317x637,,Language Background,5,Block 3-A,soundCheckPassed,No,response-gender,mujer
5,1669947958018,02/12/2022 02:25:58,1669947957568,-6,01/12/2022 20:25:57,92237,21,questionnaire-enic,,25622089,BLIND,7588807,,complete,,63896146c272e00b4093d3b5,computer,Desktop or Laptop,Mac OS 10.15.7,Chrome 106.0.0.0,1440x900,1317x637,,Language Background,5,Block 3-A,soundCheckPassed,No,response-impairment,Si
6,1669947958018,02/12/2022 02:25:58,1669947957568,-6,01/12/2022 20:25:57,92237,21,questionnaire-enic,,25622089,BLIND,7588807,,complete,,63896146c272e00b4093d3b5,computer,Desktop or Laptop,Mac OS 10.15.7,Chrome 106.0.0.0,1440x900,1317x637,,Language Background,5,Block 3-A,soundCheckPassed,No,response-impairment-quantised,1
7,1669947958018,02/12/2022 02:25:58,1669947957568,-6,01/12/2022 20:25:57,92237,21,questionnaire-enic,,25622089,BLIND,7588807,,complete,,63896146c272e00b4093d3b5,computer,Desktop or Laptop,Mac OS 10.15.7,Chrome 106.0.0.0,1440x900,1317x637,,Language Background,5,Block 3-A,soundCheckPassed,No,response-native,si
8,1669947958018,02/12/2022 02:25:58,1669947957568,-6,01/12/2022 20:25:57,92237,21,questionnaire-enic,,25622089,BLIND,7588807,,complete,,63896146c272e00b4093d3b5,computer,Desktop or Laptop,Mac OS 10.15.7,Chrome 106.0.0.0,1440x900,1317x637,,Language Background,5,Block 3-A,soundCheckPassed,No,response-fluency,ingles
9,1669947958018,02/12/2022 02:25:58,1669947957568,-6,01/12/2022 20:25:57,92237,21,questionnaire-enic,,25622089,BLIND,7588807,,complete,,63896146c272e00b4093d3b5,computer,Desktop or Laptop,Mac OS 10.15.7,Chrome 106.0.0.0,1440x900,1317x637,,Language Background,5,Block 3-A,soundCheckPassed,No,response-where,en casa
10,1669947958018,02/12/2022 02:25:58,1669947957568,-6,01/12/2022 20:25:57,92237,21,questionnaire-enic,,25622089,BLIND,7588807,,complete,,63896146c272e00b4093d3b5,computer,Desktop or Laptop,Mac OS 10.15.7,Chrome 106.0.0.0,1440x900,1317x637,,Language Background,5,Block 3-A,soundCheckPassed,No,response-aoa,0
11,1669947958018,02/12/2022 02:25:58,1669947957568,-6,01/12/2022 20:25:57,92237,21,questionnaire-enic,,25622089,BLIND,7588807,,complete,,63896146c272e00b4093d3b5,computer,Desktop or Laptop,Mac OS 10.15.7,Chrome 106.0.0.0,1440x900,1317x637,,Language Background,5,Block 3-A,soundCheckPassed,No,END QUESTIONNAIRE,70522
END OF FILE
