Event Index,UTC Timestamp,UTC Date,Local Timestamp,Local Timezone,Local Date,Experiment ID,Experiment Version,Tree Node Key,Repeat Key,Schedule ID,Participant Public ID,Participant Private ID,Participant Starting Group,Participant Status,Participant Completion Code,Participant External Session ID,Participant Device Type,Participant Device,Participant OS,Participant Browser,Participant Monitor Size,Participant Viewport Size,Checkpoint,Task Name,Task Version,randomiser-vdsq,branch-kcrj,Spreadsheet,Spreadsheet Name,Spreadsheet Row,Trial Number,Screen Number,Screen Name,Zone Name,Zone Type,Reaction Time,Reaction Onset,Response Type,Response,Attempt,Correct,Incorrect,Dishonest,X Coordinate,Y Coordinate,Timed Out,randomise_blocks,randomise_trials,display,ANSWER
1,1673575913384,13/01/2023 02:11:53,1673575913212,-5,12/01/2023 21:11:53,92237,23,task-gkan,,26357539,BLIND,7780688,,complete,,63c0bd380744f07b22a56386,computer,Desktop or Laptop,Mac OS 10.15.7,Chrome 108.0.0.0,1440x900,1440x789,,Audio Check,10,Block 4-B,soundCheckPassed,Spreadsheet1,,,BEGIN TASK,,,,,,,,,,0,1,0,,,,,,,
2,1673575936794,13/01/2023 02:12:16,1673575936662,-5,12/01/2023 21:12:16,92237,23,task-gkan,,26357539,BLIND,7780688,,complete,,63c0bd380744f07b22a56386,computer,Desktop or Laptop,Mac OS 10.15.7,Chrome 108.0.0.0,1440x900,1440x789,,Audio Check,10,Block 4-B,soundCheckPassed,Spreadsheet1,Spreadsheet1,1,1,1,Screen 1,advancementZone,continue_button,23416.300000000745,,,,,0,1,0,,,,,,Instructions,
3,1673575938843,13/01/2023 02:12:18,1673575938717,-5,12/01/2023 21:12:18,92237,23,task-gkan,,26357539,BLIND,7780688,,complete,,63c0bd380744f07b22a56386,computer,Desktop or Laptop,Mac OS 10.15.7,Chrome 108.0.0.0,1440x900,1440x789,,Audio Check,10,Block 4-B,soundCheckPassed,Spreadsheet1,Spreadsheet1,2,1,1,Screen 1,Zone1,content_web_audio,2048.699999999255,,,AUDIO PLAY REQUESTED,1,0,1,0,,,,,,Audio Check,cura
4,1673575940095,13/01/2023 02:12:20,1673575939969,-5,12/01/2023 21:12:19,92237,23,task-gkan,,26357539,BLIND,7780688,,complete,,63c0bd380744f07b22a56386,computer,Desktop or Laptop,Mac OS 10.15.7,Chrome 108.0.0.0,1440x900,1440x789,,Audio Check,10,Block 4-B,soundCheckPassed,Spreadsheet1,Spreadsheet1,2,1,1,Screen 1,Zone1,content_web_audio,3301.300000000745,,,AUDIO PLAY REQUESTED,2,0,1,0,,,,,,Audio Check,cura
5,1673575941007,13/01/2023 02:12:21,1673575940895,-5,12/01/2023 21:12:20,92237,23,task-gkan,,26357539,BLIND,7780688,,complete,,63c0bd380744f07b22a56386,computer,Desktop or Laptop,Mac OS 10.15.7,Chrome 108.0.0.0,1440x900,1440x789,,Audio Check,10,Block 4-B,soundCheckPassed,Spreadsheet1,Spreadsheet1,2,1,1,Screen 1,Zone1,content_web_audio,4226.699999999255,,,AUDIO PLAY REQUESTED,3,0,1,0,,,,,,Audio Check,cura
6,1673575942596,13/01/2023 02:12:22,1673575942483,-5,12/01/2023 21:12:22,92237,23,task-gkan,,26357539,BLIND,7780688,,complete,,63c0bd380744f07b22a56386,computer,Desktop or Laptop,Mac OS 10.15.7,Chrome 108.0.0.0,1440x900,1440x789,,Audio Check,10,Block 4-B,soundCheckPassed,Spreadsheet1,Spreadsheet1,2,1,1,Screen 1,Zone3,response_rating_scale_likert_active,5814.60000000149,,,cura,1,1,0,0,,,,,,Audio Check,cura
7,1673575944540,13/01/2023 02:12:24,1673575944422,-5,12/01/2023 21:12:24,92237,23,task-gkan,,26357539,BLIND,7780688,,complete,,63c0bd380744f07b22a56386,computer,Desktop or Laptop,Mac OS 10.15.7,Chrome 108.0.0.0,1440x900,1440x789,,Audio Check,10,Block 4-B,soundCheckPassed,Spreadsheet1,Spreadsheet1,2,1,3,Correct,advancementZone,continue_button,1933.800000000745,,,,,0,1,0,,,,,,Audio Check,cura
8,1673575944683,13/01/2023 02:12:24,1673575944424,-5,12/01/2023 21:12:24,92237,23,task-gkan,,26357539,BLIND,7780688,,complete,,63c0bd380744f07b22a56386,computer,Desktop or Laptop,Mac OS 10.15.7,Chrome 108.0.0.0,1440x900,1440x789,,Audio Check,10,Block 4-B,soundCheckPassed,Spreadsheet1,,,END TASK,,,,,31212,,,,,0,1,0,,,,,,,
1,1673576415317,13/01/2023 02:20:15,1673576414858,-6,12/01/2023 20:20:14,92237,23,task-gkan,,26357576,BLIND,7780692,,complete,,63c0ba131356c274e318f4ce,computer,Desktop or Laptop,Windows 10,Edge 108.0.1462.76,1536x864,1536x746,,Audio Check,10,Block 1-A,soundCheckPassed,Spreadsheet1,,,BEGIN TASK,,,,,,,,,,0,1,0,,,,,,,
2,1673576427952,13/01/2023 02:20:27,1673576427529,-6,12/01/2023 20:20:27,92237,23,task-gkan,,26357576,BLIND,7780692,,complete,,63c0ba131356c274e318f4ce,computer,Desktop or Laptop,Windows 10,Edge 108.0.1462.76,1536x864,1519x746,,Audio Check,10,Block 1-A,soundCheckPassed,Spreadsheet1,Spreadsheet1,1,1,1,Screen 1,advancementZone,continue_button,12612.300000190735,,,,,0,1,0,,,,,,Instructions,
3,1673576430800,13/01/2023 02:20:30,1673576430367,-6,12/01/2023 20:20:30,92237,23,task-gkan,,26357576,BLIND,7780692,,complete,,63c0ba131356c274e318f4ce,computer,Desktop or Laptop,Windows 10,Edge 108.0.1462.76,1536x864,1519x746,,Audio Check,10,Block 1-A,soundCheckPassed,Spreadsheet1,Spreadsheet1,2,1,1,Screen 1,Zone1,content_web_audio,2826.9000000953674,,,AUDIO PLAY REQUESTED,1,0,1,0,,,,,,Audio Check,cura
4,1673576433476,13/01/2023 02:20:33,1673576433053,-6,12/01/2023 20:20:33,92237,23,task-gkan,,26357576,BLIND,7780692,,complete,,63c0ba131356c274e318f4ce,computer,Desktop or Laptop,Windows 10,Edge 108.0.1462.76,1536x864,1519x746,,Audio Check,10,Block 1-A,soundCheckPassed,Spreadsheet1,Spreadsheet1,2,1,1,Screen 1,Zone3,response_rating_scale_likert_active,5512.200000286102,,,cura,1,1,0,0,,,,,,Audio Check,cura
5,1673576435846,13/01/2023 02:20:35,1673576435414,-6,12/01/2023 20:20:35,92237,23,task-gkan,,26357576,BLIND,7780692,,complete,,63c0ba131356c274e318f4ce,computer,Desktop or Laptop,Windows 10,Edge 108.0.1462.76,1536x864,1519x746,,Audio Check,10,Block 1-A,soundCheckPassed,Spreadsheet1,Spreadsheet1,2,1,3,Correct,advancementZone,continue_button,2354.0999999046326,,,,,0,1,0,,,,,,Audio Check,cura
6,1673576436021,13/01/2023 02:20:36,1673576435418,-6,12/01/2023 20:20:35,92237,23,task-gkan,,26357576,BLIND,7780692,,complete,,63c0ba131356c274e318f4ce,computer,Desktop or Laptop,Windows 10,Edge 108.0.1462.76,1536x864,1519x746,,Audio Check,10,Block 1-A,soundCheckPassed,Spreadsheet1,,,END TASK,,,,,20560,,,,,0,1,0,,,,,,,
1,1673578978618,13/01/2023 03:02:58,1673578978657,-6,12/01/2023 21:02:58,92237,23,task-gkan,,26357772,BLIND,7780732,,complete,,63c0c98df8f43f8425295c9d,computer,Desktop or Laptop,Windows 10,Chrome 108.0.0.0,1536x864,1536x760,,Audio Check,10,Block 6-A,soundCheckPassed,Spreadsheet1,,,BEGIN TASK,,,,,,,,,,0,1,0,,,,,,,
2,1673579004535,13/01/2023 03:03:24,1673579004644,-6,12/01/2023 21:03:24,92237,23,task-gkan,,26357772,BLIND,7780732,,complete,,63c0c98df8f43f8425295c9d,computer,Desktop or Laptop,Windows 10,Chrome 108.0.0.0,1536x864,1536x760,,Audio Check,10,Block 6-A,soundCheckPassed,Spreadsheet1,Spreadsheet1,1,1,1,Screen 1,advancementZone,continue_button,25783.700000047684,,,,,0,1,0,,,,,,Instructions,
3,1673579007123,13/01/2023 03:03:27,1673579007233,-6,12/01/2023 21:03:27,92237,23,task-gkan,,26357772,BLIND,7780732,,complete,,63c0c98df8f43f8425295c9d,computer,Desktop or Laptop,Windows 10,Chrome 108.0.0.0,1536x864,1536x760,,Audio Check,10,Block 6-A,soundCheckPassed,Spreadsheet1,Spreadsheet1,2,1,1,Screen 1,Zone1,content_web_audio,2564.699999809265,,,AUDIO PLAY REQUESTED,1,0,1,0,,,,,,Audio Check,cura
4,1673579009605,13/01/2023 03:03:29,1673579009737,-6,12/01/2023 21:03:29,92237,23,task-gkan,,26357772,BLIND,7780732,,complete,,63c0c98df8f43f8425295c9d,computer,Desktop or Laptop,Windows 10,Chrome 108.0.0.0,1536x864,1536x760,,Audio Check,10,Block 6-A,soundCheckPassed,Spreadsheet1,Spreadsheet1,2,1,1,Screen 1,Zone3,response_rating_scale_likert_active,5067.799999952316,,,cura,1,1,0,0,,,,,,Audio Check,cura
5,1673579011525,13/01/2023 03:03:31,1673579011642,-6,12/01/2023 21:03:31,92237,23,task-gkan,,26357772,BLIND,7780732,,complete,,63c0c98df8f43f8425295c9d,computer,Desktop or Laptop,Windows 10,Chrome 108.0.0.0,1536x864,1536x760,,Audio Check,10,Block 6-A,soundCheckPassed,Spreadsheet1,Spreadsheet1,2,1,3,Correct,advancementZone,continue_button,1887.2000000476837,,,,,0,1,0,,,,,,Audio Check,cura
6,1673579011746,13/01/2023 03:03:31,1673579011647,-6,12/01/2023 21:03:31,92237,23,task-gkan,,26357772,BLIND,7780732,,complete,,63c0c98df8f43f8425295c9d,computer,Desktop or Laptop,Windows 10,Chrome 108.0.0.0,1536x864,1536x760,,Audio Check,10,Block 6-A,soundCheckPassed,Spreadsheet1,,,END TASK,,,,,32990,,,,,0,1,0,,,,,,,
1,1673579692952,13/01/2023 03:14:52,1673579692849,-5,12/01/2023 22:14:52,92237,23,task-gkan,,26357815,BLIND,7780740,,complete,,63c0cc2887eb0d76eb34a14a,computer,Desktop or Laptop,Mac OS 10.13.6,Chrome 109.0.0.0,1440x900,1356x727,,Audio Check,10,Block 6-B,soundCheckPassed,Spreadsheet1,,,BEGIN TASK,,,,,,,,,,0,1,0,,,,,,,
2,1673579703209,13/01/2023 03:15:03,1673579703118,-5,12/01/2023 22:15:03,92237,23,task-gkan,,26357815,BLIND,7780740,,complete,,63c0cc2887eb0d76eb34a14a,computer,Desktop or Laptop,Mac OS 10.13.6,Chrome 109.0.0.0,1440x900,1356x727,,Audio Check,10,Block 6-B,soundCheckPassed,Spreadsheet1,Spreadsheet1,1,1,1,Screen 1,advancementZone,continue_button,10223,,,,,0,1,0,,,,,,Instructions,
3,1673579706896,13/01/2023 03:15:06,1673579706817,-5,12/01/2023 22:15:06,92237,23,task-gkan,,26357815,BLIND,7780740,,complete,,63c0cc2887eb0d76eb34a14a,computer,Desktop or Laptop,Mac OS 10.13.6,Chrome 109.0.0.0,1440x900,1356x727,,Audio Check,10,Block 6-B,soundCheckPassed,Spreadsheet1,Spreadsheet1,2,1,1,Screen 1,Zone1,content_web_audio,3682.2999999998137,,,AUDIO PLAY REQUESTED,1,0,1,0,,,,,,Audio Check,cura
4,1673579708706,13/01/2023 03:15:08,1673579708643,-5,12/01/2023 22:15:08,92237,23,task-gkan,,26357815,BLIND,7780740,,complete,,63c0cc2887eb0d76eb34a14a,computer,Desktop or Laptop,Mac OS 10.13.6,Chrome 109.0.0.0,1440x900,1356x727,,Audio Check,10,Block 6-B,soundCheckPassed,Spreadsheet1,Spreadsheet1,2,1,1,Screen 1,Zone1,content_web_audio,5508.199999999255,,,AUDIO PLAY REQUESTED,2,0,1,0,,,,,,Audio Check,cura
5,1673579709933,13/01/2023 03:15:09,1673579709850,-5,12/01/2023 22:15:09,92237,23,task-gkan,,26357815,BLIND,7780740,,complete,,63c0cc2887eb0d76eb34a14a,computer,Desktop or Laptop,Mac OS 10.13.6,Chrome 109.0.0.0,1440x900,1356x727,,Audio Check,10,Block 6-B,soundCheckPassed,Spreadsheet1,Spreadsheet1,2,1,1,Screen 1,Zone3,response_rating_scale_likert_active,6713.699999999255,,,cura,1,1,0,0,,,,,,Audio Check,cura
6,1673579711537,13/01/2023 03:15:11,1673579711464,-5,12/01/2023 22:15:11,92237,23,task-gkan,,26357815,BLIND,7780740,,complete,,63c0cc2887eb0d76eb34a14a,computer,Desktop or Laptop,Mac OS 10.13.6,Chrome 109.0.0.0,1440x900,1356x727,,Audio Check,10,Block 6-B,soundCheckPassed,Spreadsheet1,Spreadsheet1,2,1,3,Correct,advancementZone,continue_button,1603,,,,,0,1,0,,,,,,Audio Check,cura
7,1673579711682,13/01/2023 03:15:11,1673579711467,-5,12/01/2023 22:15:11,92237,23,task-gkan,,26357815,BLIND,7780740,,complete,,63c0cc2887eb0d76eb34a14a,computer,Desktop or Laptop,Mac OS 10.13.6,Chrome 109.0.0.0,1440x900,1356x727,,Audio Check,10,Block 6-B,soundCheckPassed,Spreadsheet1,,,END TASK,,,,,18618,,,,,0,1,0,,,,,,,
1,1673580486090,13/01/2023 03:28:06,1673580486914,-5,12/01/2023 22:28:06,92237,23,task-gkan,,26357866,BLIND,7780748,,complete,,63c0cc8608b63c601090e071,computer,Desktop or Laptop,Windows 10,Chrome 108.0.0.0,1920x1080,821x615,,Audio Check,10,Block 0-B,soundCheckPassed,Spreadsheet1,,,BEGIN TASK,,,,,,,,,,0,1,0,,,,,,,
2,1673580588180,13/01/2023 03:29:48,1673580589075,-5,12/01/2023 22:29:49,92237,23,task-gkan,,26357866,BLIND,7780748,,complete,,63c0cc8608b63c601090e071,computer,Desktop or Laptop,Windows 10,Chrome 108.0.0.0,1920x1080,883x615,,Audio Check,10,Block 0-B,soundCheckPassed,Spreadsheet1,Spreadsheet1,1,1,1,Screen 1,advancementZone,continue_button,102125.09999999404,,,,,0,1,0,,,,,,Instructions,
3,1673580591997,13/01/2023 03:29:51,1673580592893,-5,12/01/2023 22:29:52,92237,23,task-gkan,,26357866,BLIND,7780748,,complete,,63c0cc8608b63c601090e071,computer,Desktop or Laptop,Windows 10,Chrome 108.0.0.0,1920x1080,883x615,,Audio Check,10,Block 0-B,soundCheckPassed,Spreadsheet1,Spreadsheet1,2,1,1,Screen 1,Zone1,content_web_audio,3804.4000000059605,,,AUDIO PLAY REQUESTED,1,0,1,0,,,,,,Audio Check,cura
4,1673580594292,13/01/2023 03:29:54,1673580595193,-5,12/01/2023 22:29:55,92237,23,task-gkan,,26357866,BLIND,7780748,,complete,,63c0cc8608b63c601090e071,computer,Desktop or Laptop,Windows 10,Chrome 108.0.0.0,1920x1080,883x615,,Audio Check,10,Block 0-B,soundCheckPassed,Spreadsheet1,Spreadsheet1,2,1,1,Screen 1,Zone1,content_web_audio,6103.70000000298,,,AUDIO PLAY REQUESTED,2,0,1,0,,,,,,Audio Check,cura
5,1673580597222,13/01/2023 03:29:57,1673580598107,-5,12/01/2023 22:29:58,92237,23,task-gkan,,26357866,BLIND,7780748,,complete,,63c0cc8608b63c601090e071,computer,Desktop or Laptop,Windows 10,Chrome 108.0.0.0,1920x1080,883x615,,Audio Check,10,Block 0-B,soundCheckPassed,Spreadsheet1,Spreadsheet1,2,1,1,Screen 1,Zone1,content_web_audio,9017.90000000596,,,AUDIO PLAY REQUESTED,3,0,1,0,,,,,,Audio Check,cura
6,1673580615630,13/01/2023 03:30:15,1673580616530,-5,12/01/2023 22:30:16,92237,23,task-gkan,,26357866,BLIND,7780748,,complete,,63c0cc8608b63c601090e071,computer,Desktop or Laptop,Windows 10,Chrome 108.0.0.0,1920x1080,883x615,,Audio Check,10,Block 0-B,soundCheckPassed,Spreadsheet1,Spreadsheet1,2,1,1,Screen 1,Zone1,content_web_audio,27441.79999999702,,,AUDIO PLAY REQUESTED,4,0,1,0,,,,,,Audio Check,cura
7,1673580617348,13/01/2023 03:30:17,1673580618251,-5,12/01/2023 22:30:18,92237,23,task-gkan,,26357866,BLIND,7780748,,complete,,63c0cc8608b63c601090e071,computer,Desktop or Laptop,Windows 10,Chrome 108.0.0.0,1920x1080,883x615,,Audio Check,10,Block 0-B,soundCheckPassed,Spreadsheet1,Spreadsheet1,2,1,1,Screen 1,Zone1,content_web_audio,29162.10000000894,,,AUDIO PLAY REQUESTED,5,0,1,0,,,,,,Audio Check,cura
8,1673580618263,13/01/2023 03:30:18,1673580619144,-5,12/01/2023 22:30:19,92237,23,task-gkan,,26357866,BLIND,7780748,,complete,,63c0cc8608b63c601090e071,computer,Desktop or Laptop,Windows 10,Chrome 108.0.0.0,1920x1080,883x615,,Audio Check,10,Block 0-B,soundCheckPassed,Spreadsheet1,Spreadsheet1,2,1,1,Screen 1,Zone1,content_web_audio,30055.60000000894,,,AUDIO PLAY REQUESTED,6,0,1,0,,,,,,Audio Check,cura
9,1673580619106,13/01/2023 03:30:19,1673580619988,-5,12/01/2023 22:30:19,92237,23,task-gkan,,26357866,BLIND,7780748,,complete,,63c0cc8608b63c601090e071,computer,Desktop or Laptop,Windows 10,Chrome 108.0.0.0,1920x1080,883x615,,Audio Check,10,Block 0-B,soundCheckPassed,Spreadsheet1,Spreadsheet1,2,1,1,Screen 1,Zone1,content_web_audio,30899.29999999702,,,AUDIO PLAY REQUESTED,7,0,1,0,,,,,,Audio Check,cura
10,1673580619889,13/01/2023 03:30:19,1673580620787,-5,12/01/2023 22:30:20,92237,23,task-gkan,,26357866,BLIND,7780748,,complete,,63c0cc8608b63c601090e071,computer,Desktop or Laptop,Windows 10,Chrome 108.0.0.0,1920x1080,883x615,,Audio Check,10,Block 0-B,soundCheckPassed,Spreadsheet1,Spreadsheet1,2,1,1,Screen 1,Zone1,content_web_audio,31698.29999999702,,,AUDIO PLAY REQUESTED,8,0,1,0,,,,,,Audio Check,cura
11,1673580620619,13/01/2023 03:30:20,1673580621520,-5,12/01/2023 22:30:21,92237,23,task-gkan,,26357866,BLIND,7780748,,complete,,63c0cc8608b63c601090e071,computer,Desktop or Laptop,Windows 10,Chrome 108.0.0.0,1920x1080,883x615,,Audio Check,10,Block 0-B,soundCheckPassed,Spreadsheet1,Spreadsheet1,2,1,1,Screen 1,Zone3,response_rating_scale_likert_active,32430.79999999702,,,cura,1,1,0,0,,,,,,Audio Check,cura
12,1673580624133,13/01/2023 03:30:24,1673580625032,-5,12/01/2023 22:30:25,92237,23,task-gkan,,26357866,BLIND,7780748,,complete,,63c0cc8608b63c601090e071,computer,Desktop or Laptop,Windows 10,Chrome 108.0.0.0,1920x1080,883x615,,Audio Check,10,Block 0-B,soundCheckPassed,Spreadsheet1,Spreadsheet1,2,1,3,Correct,advancementZone,continue_button,3506.2000000029802,,,,,0,1,0,,,,,,Audio Check,cura
13,1673580624248,13/01/2023 03:30:24,1673580625035,-5,12/01/2023 22:30:25,92237,23,task-gkan,,26357866,BLIND,7780748,,complete,,63c0cc8608b63c601090e071,computer,Desktop or Laptop,Windows 10,Chrome 108.0.0.0,1920x1080,883x615,,Audio Check,10,Block 0-B,soundCheckPassed,Spreadsheet1,,,END TASK,,,,,138121,,,,,0,1,0,,,,,,,
1,1673583027408,13/01/2023 04:10:27,1673583027167,-5,12/01/2023 23:10:27,92237,23,task-gkan,,26357970,BLIND,7780776,,complete,,63c0d7cb6c7d534ab990638b,computer,Desktop or Laptop,Mac OS 10.15.7,Chrome 109.0.0.0,1440x900,1152x763,,Audio Check,10,Block 8-A,soundCheckPassed,Spreadsheet1,,,BEGIN TASK,,,,,,,,,,0,1,0,,,,,,,
2,1673583064687,13/01/2023 04:11:04,1673583064500,-5,12/01/2023 23:11:04,92237,23,task-gkan,,26357970,BLIND,7780776,,complete,,63c0d7cb6c7d534ab990638b,computer,Desktop or Laptop,Mac OS 10.15.7,Chrome 109.0.0.0,1440x900,1152x763,,Audio Check,10,Block 8-A,soundCheckPassed,Spreadsheet1,Spreadsheet1,1,1,1,Screen 1,advancementZone,continue_button,37288.5,,,,,0,1,0,,,,,,Instructions,
3,1673583066412,13/01/2023 04:11:06,1673583066188,-5,12/01/2023 23:11:06,92237,23,task-gkan,,26357970,BLIND,7780776,,complete,,63c0d7cb6c7d534ab990638b,computer,Desktop or Laptop,Mac OS 10.15.7,Chrome 109.0.0.0,1440x900,1152x763,,Audio Check,10,Block 8-A,soundCheckPassed,Spreadsheet1,Spreadsheet1,2,1,1,Screen 1,Zone1,content_web_audio,1677.6000000005588,,,AUDIO PLAY REQUESTED,1,0,1,0,,,,,,Audio Check,cura
4,1673583069247,13/01/2023 04:11:09,1673583069039,-5,12/01/2023 23:11:09,92237,23,task-gkan,,26357970,BLIND,7780776,,complete,,63c0d7cb6c7d534ab990638b,computer,Desktop or Laptop,Mac OS 10.15.7,Chrome 109.0.0.0,1440x900,1152x763,,Audio Check,10,Block 8-A,soundCheckPassed,Spreadsheet1,Spreadsheet1,2,1,1,Screen 1,Zone1,content_web_audio,4528.200000000186,,,AUDIO PLAY REQUESTED,2,0,1,0,,,,,,Audio Check,cura
5,1673583070954,13/01/2023 04:11:10,1673583070771,-5,12/01/2023 23:11:10,92237,23,task-gkan,,26357970,BLIND,7780776,,complete,,63c0d7cb6c7d534ab990638b,computer,Desktop or Laptop,Mac OS 10.15.7,Chrome 109.0.0.0,1440x900,1152x763,,Audio Check,10,Block 8-A,soundCheckPassed,Spreadsheet1,Spreadsheet1,2,1,1,Screen 1,Zone3,response_rating_scale_likert_active,6259.700000000186,,,cura,1,1,0,0,,,,,,Audio Check,cura
6,1673583073350,13/01/2023 04:11:13,1673583073171,-5,12/01/2023 23:11:13,92237,23,task-gkan,,26357970,BLIND,7780776,,complete,,63c0d7cb6c7d534ab990638b,computer,Desktop or Laptop,Mac OS 10.15.7,Chrome 109.0.0.0,1440x900,1152x763,,Audio Check,10,Block 8-A,soundCheckPassed,Spreadsheet1,Spreadsheet1,2,1,3,Correct,advancementZone,continue_button,2388.7999999998137,,,,,0,1,0,,,,,,Audio Check,cura
7,1673583073502,13/01/2023 04:11:13,1673583073174,-5,12/01/2023 23:11:13,92237,23,task-gkan,,26357970,BLIND,7780776,,complete,,63c0d7cb6c7d534ab990638b,computer,Desktop or Laptop,Mac OS 10.15.7,Chrome 109.0.0.0,1440x900,1152x763,,Audio Check,10,Block 8-A,soundCheckPassed,Spreadsheet1,,,END TASK,,,,,46008,,,,,0,1,0,,,,,,,
1,1673583628056,13/01/2023 04:20:28,1673583627672,-6,12/01/2023 22:20:27,92237,23,task-gkan,,26358013,BLIND,7780787,,complete,,63c0db4d55c2571bcb241915,computer,Desktop or Laptop,Mac OS 10.15.7,Safari 16.1,2560x1440,1619x1068,,Audio Check,10,Block 0-A,soundCheckPassed,Spreadsheet1,,,BEGIN TASK,,,,,,,,,,0,1,0,,,,,,,
2,1673583800397,13/01/2023 04:23:20,1673583799801,-6,12/01/2023 22:23:19,92237,23,task-gkan,,26358013,BLIND,7780787,,complete,,63c0db4d55c2571bcb241915,computer,Desktop or Laptop,Mac OS 10.15.7,Safari 16.1,2560x1440,1619x1068,,Audio Check,10,Block 0-A,soundCheckPassed,Spreadsheet1,Spreadsheet1,1,1,1,Screen 1,advancementZone,continue_button,172099,,,,,0,1,0,,,,,,Instructions,
3,1673583801406,13/01/2023 04:23:21,1673583801231,-6,12/01/2023 22:23:21,92237,23,task-gkan,,26358013,BLIND,7780787,,complete,,63c0db4d55c2571bcb241915,computer,Desktop or Laptop,Mac OS 10.15.7,Safari 16.1,2560x1440,1619x1068,,Audio Check,10,Block 0-A,soundCheckPassed,Spreadsheet1,Spreadsheet1,2,1,1,Screen 1,Zone1,content_web_audio,1421.000000000029,,,AUDIO PLAY REQUESTED,1,0,1,0,,,,,,Audio Check,cura
4,1673584245808,13/01/2023 04:30:45,1673584245637,-6,12/01/2023 22:30:45,92237,23,task-gkan,,26358013,BLIND,7780787,,complete,,63c0db4d55c2571bcb241915,computer,Desktop or Laptop,Mac OS 10.15,Firefox 107.0,2560x1440,1673x1138,,Audio Check,10,Block 0-A,soundCheckPassed,Spreadsheet1,,,BEGIN TASK,,,,,,,,,,0,1,0,,,,,,,
5,1673584248007,13/01/2023 04:30:48,1673584247817,-6,12/01/2023 22:30:47,92237,23,task-gkan,,26358013,BLIND,7780787,,complete,,63c0db4d55c2571bcb241915,computer,Desktop or Laptop,Mac OS 10.15,Firefox 107.0,2560x1440,1673x1138,,Audio Check,10,Block 0-A,soundCheckPassed,Spreadsheet1,Spreadsheet1,2,1,1,Screen 1,Zone1,content_web_audio,1681,,,AUDIO PLAY REQUESTED,1,0,1,0,,,,,,Audio Check,cura
6,1673584250517,13/01/2023 04:30:50,1673584250325,-6,12/01/2023 22:30:50,92237,23,task-gkan,,26358013,BLIND,7780787,,complete,,63c0db4d55c2571bcb241915,computer,Desktop or Laptop,Mac OS 10.15,Firefox 107.0,2560x1440,1673x1138,,Audio Check,10,Block 0-A,soundCheckPassed,Spreadsheet1,Spreadsheet1,2,1,1,Screen 1,Zone1,content_web_audio,4188,,,AUDIO PLAY REQUESTED,2,0,1,0,,,,,,Audio Check,cura
7,1673584251919,13/01/2023 04:30:51,1673584251739,-6,12/01/2023 22:30:51,92237,23,task-gkan,,26358013,BLIND,7780787,,complete,,63c0db4d55c2571bcb241915,computer,Desktop or Laptop,Mac OS 10.15,Firefox 107.0,2560x1440,1673x1138,,Audio Check,10,Block 0-A,soundCheckPassed,Spreadsheet1,Spreadsheet1,2,1,1,Screen 1,Zone1,content_web_audio,5602,,,AUDIO PLAY REQUESTED,3,0,1,0,,,,,,Audio Check,cura
8,1673584253221,13/01/2023 04:30:53,1673584253047,-6,12/01/2023 22:30:53,92237,23,task-gkan,,26358013,BLIND,7780787,,complete,,63c0db4d55c2571bcb241915,computer,Desktop or Laptop,Mac OS 10.15,Firefox 107.0,2560x1440,1673x1138,,Audio Check,10,Block 0-A,soundCheckPassed,Spreadsheet1,Spreadsheet1,2,1,1,Screen 1,Zone3,response_rating_scale_likert_active,6910,,,cura,1,1,0,0,,,,,,Audio Check,cura
9,1673584267261,13/01/2023 04:31:07,1673584267073,-6,12/01/2023 22:31:07,92237,23,task-gkan,,26358013,BLIND,7780787,,complete,,63c0db4d55c2571bcb241915,computer,Desktop or Laptop,Mac OS 10.15,Firefox 107.0,2560x1440,2560x1302,,Audio Check,10,Block 0-A,soundCheckPassed,Spreadsheet1,Spreadsheet1,2,1,3,Correct,advancementZone,continue_button,14018,,,,,0,1,0,,,,,,Audio Check,cura
10,1673584267411,13/01/2023 04:31:07,1673584267074,-6,12/01/2023 22:31:07,92237,23,task-gkan,,26358013,BLIND,7780787,,complete,,63c0db4d55c2571bcb241915,computer,Desktop or Laptop,Mac OS 10.15,Firefox 107.0,2560x1440,2560x1302,,Audio Check,10,Block 0-A,soundCheckPassed,Spreadsheet1,,,END TASK,,,,,21437,,,,,0,1,0,,,,,,,
1,1673583763569,13/01/2023 04:22:43,1673583763472,-8,12/01/2023 20:22:43,92237,23,task-gkan,,26358018,BLIND,7780783,,complete,,63c0db039140ee2c972418bf,computer,Desktop or Laptop,Windows 10,Chrome 108.0.0.0,1664x1110,1664x959,,Audio Check,10,Block 9-A,soundCheckPassed,Spreadsheet1,,,BEGIN TASK,,,,,,,,,,0,1,0,,,,,,,
2,1673583783856,13/01/2023 04:23:03,1673583783371,-8,12/01/2023 20:23:03,92237,23,task-gkan,,26358018,BLIND,7780783,,complete,,63c0db039140ee2c972418bf,computer,Desktop or Laptop,Windows 10,Chrome 108.0.0.0,1664x1110,1664x959,,Audio Check,10,Block 9-A,soundCheckPassed,Spreadsheet1,Spreadsheet1,1,1,1,Screen 1,advancementZone,continue_button,19773.79999999702,,,,,0,1,0,,,,,,Instructions,
3,1673583786408,13/01/2023 04:23:06,1673583785983,-8,12/01/2023 20:23:05,92237,23,task-gkan,,26358018,BLIND,7780783,,complete,,63c0db039140ee2c972418bf,computer,Desktop or Laptop,Windows 10,Chrome 108.0.0.0,1664x1110,1664x959,,Audio Check,10,Block 9-A,soundCheckPassed,Spreadsheet1,Spreadsheet1,2,1,1,Screen 1,Zone1,content_web_audio,2575.8999999910593,,,AUDIO PLAY REQUESTED,1,0,1,0,,,,,,Audio Check,cura
4,1673583788988,13/01/2023 04:23:08,1673583788951,-8,12/01/2023 20:23:08,92237,23,task-gkan,,26358018,BLIND,7780783,,complete,,63c0db039140ee2c972418bf,computer,Desktop or Laptop,Windows 10,Chrome 108.0.0.0,1664x1110,1664x959,,Audio Check,10,Block 9-A,soundCheckPassed,Spreadsheet1,Spreadsheet1,2,1,1,Screen 1,Zone3,response_rating_scale_likert_active,5543.399999991059,,,cura,1,1,0,0,,,,,,Audio Check,cura
5,1673583791267,13/01/2023 04:23:11,1673583791230,-8,12/01/2023 20:23:11,92237,23,task-gkan,,26358018,BLIND,7780783,,complete,,63c0db039140ee2c972418bf,computer,Desktop or Laptop,Windows 10,Chrome 108.0.0.0,1664x1110,1664x959,,Audio Check,10,Block 9-A,soundCheckPassed,Spreadsheet1,Spreadsheet1,2,1,3,Correct,advancementZone,continue_button,2260.2000000029802,,,,,0,1,0,,,,,,Audio Check,cura
6,1673583791590,13/01/2023 04:23:11,1673583791239,-8,12/01/2023 20:23:11,92237,23,task-gkan,,26358018,BLIND,7780783,,complete,,63c0db039140ee2c972418bf,computer,Desktop or Laptop,Windows 10,Chrome 108.0.0.0,1664x1110,1664x959,,Audio Check,10,Block 9-A,soundCheckPassed,Spreadsheet1,,,END TASK,,,,,27767,,,,,0,1,0,,,,,,,
1,1673585778687,13/01/2023 04:56:18,1673585778088,-8,12/01/2023 20:56:18,92237,23,task-gkan,,26358059,BLIND,7780804,,complete,,63c0e4248aa9460792a66da9,mobile,Samsung SM-F936U1,Android 12,Chrome 108.0.0.0,691x829,691x654,,Audio Check,10,Block 2-A,soundCheckPassed,Spreadsheet1,,,BEGIN TASK,,,,,,,,,,0,1,0,,,,,,,
2,1673585983140,13/01/2023 04:59:43,1673585982586,-8,12/01/2023 20:59:42,92237,23,task-gkan,,26358059,BLIND,7780804,,complete,,63c0e4248aa9460792a66da9,mobile,Samsung SM-F936U1,Android 12,Chrome 108.0.0.0,691x829,691x654,,Audio Check,10,Block 2-A,soundCheckPassed,Spreadsheet1,Spreadsheet1,1,1,1,Screen 1,advancementZone,continue_button,204437.19999980927,,,,,0,1,0,,,,,,Instructions,
3,1673585985145,13/01/2023 04:59:45,1673585984552,-8,12/01/2023 20:59:44,92237,23,task-gkan,,26358059,BLIND,7780804,,complete,,63c0e4248aa9460792a66da9,mobile,Samsung SM-F936U1,Android 12,Chrome 108.0.0.0,691x829,691x654,,Audio Check,10,Block 2-A,soundCheckPassed,Spreadsheet1,Spreadsheet1,2,1,1,Screen 1,Zone1,content_web_audio,1949.2000000476837,,,AUDIO PLAY REQUESTED,1,0,1,0,,,,,,Audio Check,cura
4,1673585986928,13/01/2023 04:59:46,1673585986334,-8,12/01/2023 20:59:46,92237,23,task-gkan,,26358059,BLIND,7780804,,complete,,63c0e4248aa9460792a66da9,mobile,Samsung SM-F936U1,Android 12,Chrome 108.0.0.0,691x829,691x654,,Audio Check,10,Block 2-A,soundCheckPassed,Spreadsheet1,Spreadsheet1,2,1,1,Screen 1,Zone1,content_web_audio,3730.9000000953674,,,AUDIO PLAY REQUESTED,2,0,1,0,,,,,,Audio Check,cura
5,1673585987598,13/01/2023 04:59:47,1673585987009,-8,12/01/2023 20:59:47,92237,23,task-gkan,,26358059,BLIND,7780804,,complete,,63c0e4248aa9460792a66da9,mobile,Samsung SM-F936U1,Android 12,Chrome 108.0.0.0,691x829,691x654,,Audio Check,10,Block 2-A,soundCheckPassed,Spreadsheet1,Spreadsheet1,2,1,1,Screen 1,Zone1,content_web_audio,4406.300000190735,,,AUDIO PLAY REQUESTED,3,0,1,0,,,,,,Audio Check,cura
6,1673585988275,13/01/2023 04:59:48,1673585987717,-8,12/01/2023 20:59:47,92237,23,task-gkan,,26358059,BLIND,7780804,,complete,,63c0e4248aa9460792a66da9,mobile,Samsung SM-F936U1,Android 12,Chrome 108.0.0.0,691x829,691x654,,Audio Check,10,Block 2-A,soundCheckPassed,Spreadsheet1,Spreadsheet1,2,1,1,Screen 1,Zone3,response_rating_scale_likert_active,5113.800000190735,,,cura,1,1,0,0,,,,,,Audio Check,cura
7,1673585989998,13/01/2023 04:59:49,1673585989450,-8,12/01/2023 20:59:49,92237,23,task-gkan,,26358059,BLIND,7780804,,complete,,63c0e4248aa9460792a66da9,mobile,Samsung SM-F936U1,Android 12,Chrome 108.0.0.0,691x829,691x654,,Audio Check,10,Block 2-A,soundCheckPassed,Spreadsheet1,Spreadsheet1,2,1,3,Correct,advancementZone,continue_button,1719.3000001907349,,,,,0,1,0,,,,,,Audio Check,cura
8,1673585990244,13/01/2023 04:59:50,1673585989455,-8,12/01/2023 20:59:49,92237,23,task-gkan,,26358059,BLIND,7780804,,complete,,63c0e4248aa9460792a66da9,mobile,Samsung SM-F936U1,Android 12,Chrome 108.0.0.0,691x829,691x654,,Audio Check,10,Block 2-A,soundCheckPassed,Spreadsheet1,,,END TASK,,,,,211367,,,,,0,1,0,,,,,,,
1,1673590004422,13/01/2023 06:06:44,1673590003744,-8,12/01/2023 22:06:43,92237,23,task-gkan,,26358189,BLIND,7780842,,complete,,63c0f42638671228dea597a4,mobile,Google Pixel 3a,Android 12,Chrome 108.0.0.0,808x393,760x309,,Audio Check,10,Block 8-B,soundCheckPassed,Spreadsheet1,,,BEGIN TASK,,,,,,,,,,0,1,0,,,,,,,
2,1673590033296,13/01/2023 06:07:13,1673590032651,-8,12/01/2023 22:07:12,92237,23,task-gkan,,26358189,BLIND,7780842,,complete,,63c0f42638671228dea597a4,mobile,Google Pixel 3a,Android 12,Chrome 108.0.0.0,393x808,393x676,,Audio Check,10,Block 8-B,soundCheckPassed,Spreadsheet1,Spreadsheet1,1,1,1,Screen 1,advancementZone,continue_button,28777.700000001118,,,,,0,1,0,,,,,,Instructions,
3,1673590038179,13/01/2023 06:07:18,1673590037523,-8,12/01/2023 22:07:17,92237,23,task-gkan,,26358189,BLIND,7780842,,complete,,63c0f42638671228dea597a4,mobile,Google Pixel 3a,Android 12,Chrome 108.0.0.0,808x393,760x309,,Audio Check,10,Block 8-B,soundCheckPassed,Spreadsheet1,Spreadsheet1,2,1,1,Screen 1,Zone1,content_web_audio,3266,,,AUDIO PLAY REQUESTED,1,0,1,0,,,,,,Audio Check,cura
4,1673590040321,13/01/2023 06:07:20,1673590039667,-8,12/01/2023 22:07:19,92237,23,task-gkan,,26358189,BLIND,7780842,,complete,,63c0f42638671228dea597a4,mobile,Google Pixel 3a,Android 12,Chrome 108.0.0.0,808x393,760x309,,Audio Check,10,Block 8-B,soundCheckPassed,Spreadsheet1,Spreadsheet1,2,1,1,Screen 1,Zone3,response_rating_scale_likert_active,5408.4000000003725,,,cura,1,1,0,0,,,,,,Audio Check,cura
5,1673590042142,13/01/2023 06:07:22,1673590041504,-8,12/01/2023 22:07:21,92237,23,task-gkan,,26358189,BLIND,7780842,,complete,,63c0f42638671228dea597a4,mobile,Google Pixel 3a,Android 12,Chrome 108.0.0.0,808x393,760x309,,Audio Check,10,Block 8-B,soundCheckPassed,Spreadsheet1,Spreadsheet1,2,1,3,Correct,advancementZone,continue_button,1817.2999999988824,,,,,0,1,0,,,,,,Audio Check,cura
6,1673590042373,13/01/2023 06:07:22,1673590041509,-8,12/01/2023 22:07:21,92237,23,task-gkan,,26358189,BLIND,7780842,,complete,,63c0f42638671228dea597a4,mobile,Google Pixel 3a,Android 12,Chrome 108.0.0.0,808x393,760x309,,Audio Check,10,Block 8-B,soundCheckPassed,Spreadsheet1,,,END TASK,,,,,37766,,,,,0,1,0,,,,,,,
1,1673590023194,13/01/2023 06:07:03,1673590024461,-8,12/01/2023 22:07:04,92237,23,task-gkan,,26358190,BLIND,7780841,,complete,,63c0f46641259f6683237300,mobile,Samsung SM-G970U,Android 12,Chrome 108.0.0.0,869x412,777x284,,Audio Check,10,Block 1-B,soundCheckPassed,Spreadsheet1,,,BEGIN TASK,,,,,,,,,,0,1,0,,,,,,,
2,1673590041418,13/01/2023 06:07:21,1673590042763,-8,12/01/2023 22:07:22,92237,23,task-gkan,,26358190,BLIND,7780841,,complete,,63c0f46641259f6683237300,mobile,Samsung SM-G970U,Android 12,Chrome 108.0.0.0,869x412,777x284,,Audio Check,10,Block 1-B,soundCheckPassed,Spreadsheet1,Spreadsheet1,1,1,1,Screen 1,advancementZone,continue_button,18203.600000023842,,,,,0,1,0,,,,,,Instructions,
3,1673590042721,13/01/2023 06:07:22,1673590044057,-8,12/01/2023 22:07:24,92237,23,task-gkan,,26358190,BLIND,7780841,,complete,,63c0f46641259f6683237300,mobile,Samsung SM-G970U,Android 12,Chrome 108.0.0.0,869x412,777x284,,Audio Check,10,Block 1-B,soundCheckPassed,Spreadsheet1,Spreadsheet1,2,1,1,Screen 1,Zone1,content_web_audio,1263.5999999642372,,,AUDIO PLAY REQUESTED,1,0,1,0,,,,,,Audio Check,cura
4,1673590044953,13/01/2023 06:07:24,1673590046287,-8,12/01/2023 22:07:26,92237,23,task-gkan,,26358190,BLIND,7780841,,complete,,63c0f46641259f6683237300,mobile,Samsung SM-G970U,Android 12,Chrome 108.0.0.0,869x412,777x284,,Audio Check,10,Block 1-B,soundCheckPassed,Spreadsheet1,Spreadsheet1,2,1,1,Screen 1,Zone1,content_web_audio,3494.399999976158,,,AUDIO PLAY REQUESTED,2,0,1,0,,,,,,Audio Check,cura
5,1673590046029,13/01/2023 06:07:26,1673590047364,-8,12/01/2023 22:07:27,92237,23,task-gkan,,26358190,BLIND,7780841,,complete,,63c0f46641259f6683237300,mobile,Samsung SM-G970U,Android 12,Chrome 108.0.0.0,869x412,777x284,,Audio Check,10,Block 1-B,soundCheckPassed,Spreadsheet1,Spreadsheet1,2,1,1,Screen 1,Zone1,content_web_audio,4571.199999988079,,,AUDIO PLAY REQUESTED,3,0,1,0,,,,,,Audio Check,cura
6,1673590065884,13/01/2023 06:07:45,1673590067207,-8,12/01/2023 22:07:47,92237,23,task-gkan,,26358190,BLIND,7780841,,complete,,63c0f46641259f6683237300,mobile,Samsung SM-G970U,Android 12,Chrome 108.0.0.0,869x412,777x284,,Audio Check,10,Block 1-B,soundCheckPassed,Spreadsheet1,Spreadsheet1,2,1,1,Screen 1,Zone1,content_web_audio,24414.099999964237,,,AUDIO PLAY REQUESTED,4,0,1,0,,,,,,Audio Check,cura
7,1673590067149,13/01/2023 06:07:47,1673590068473,-8,12/01/2023 22:07:48,92237,23,task-gkan,,26358190,BLIND,7780841,,complete,,63c0f46641259f6683237300,mobile,Samsung SM-G970U,Android 12,Chrome 108.0.0.0,869x412,777x284,,Audio Check,10,Block 1-B,soundCheckPassed,Spreadsheet1,Spreadsheet1,2,1,1,Screen 1,Zone1,content_web_audio,25680.099999964237,,,AUDIO PLAY REQUESTED,5,0,1,0,,,,,,Audio Check,cura
8,1673590067992,13/01/2023 06:07:47,1673590069310,-8,12/01/2023 22:07:49,92237,23,task-gkan,,26358190,BLIND,7780841,,complete,,63c0f46641259f6683237300,mobile,Samsung SM-G970U,Android 12,Chrome 108.0.0.0,869x412,777x284,,Audio Check,10,Block 1-B,soundCheckPassed,Spreadsheet1,Spreadsheet1,2,1,1,Screen 1,Zone3,response_rating_scale_likert_active,26515.5,,,cura,1,1,0,0,,,,,,Audio Check,cura
9,1673590070579,13/01/2023 06:07:50,1673590071929,-8,12/01/2023 22:07:51,92237,23,task-gkan,,26358190,BLIND,7780841,,complete,,63c0f46641259f6683237300,mobile,Samsung SM-G970U,Android 12,Chrome 108.0.0.0,869x412,777x284,,Audio Check,10,Block 1-B,soundCheckPassed,Spreadsheet1,Spreadsheet1,2,1,3,Correct,advancementZone,continue_button,2594.199999988079,,,,,0,1,0,,,,,,Audio Check,cura
10,1673590070801,13/01/2023 06:07:50,1673590071950,-8,12/01/2023 22:07:51,92237,23,task-gkan,,26358190,BLIND,7780841,,complete,,63c0f46641259f6683237300,mobile,Samsung SM-G970U,Android 12,Chrome 108.0.0.0,869x412,777x284,,Audio Check,10,Block 1-B,soundCheckPassed,Spreadsheet1,,,END TASK,,,,,47489,,,,,0,1,0,,,,,,,
1,1673610288523,13/01/2023 11:44:48,1673610290014,-6,13/01/2023 05:44:50,92237,23,task-gkan,,26360869,BLIND,7781704,,complete,,63c143e7c37b55cd1490e074,computer,Desktop or Laptop,Windows 10,Firefox 108.0,1920x1080,1920x955,,Audio Check,10,Block 3-A,soundCheckPassed,Spreadsheet1,,,BEGIN TASK,,,,,,,,,,0,1,0,,,,,,,
2,1673610311731,13/01/2023 11:45:11,1673610313266,-6,13/01/2023 05:45:13,92237,23,task-gkan,,26360869,BLIND,7781704,,complete,,63c143e7c37b55cd1490e074,computer,Desktop or Laptop,Windows 10,Firefox 108.0,1920x1080,1920x955,,Audio Check,10,Block 3-A,soundCheckPassed,Spreadsheet1,Spreadsheet1,1,1,1,Screen 1,advancementZone,continue_button,23237,,,,,0,1,0,,,,,,Instructions,
3,1673610313321,13/01/2023 11:45:13,1673610314846,-6,13/01/2023 05:45:14,92237,23,task-gkan,,26360869,BLIND,7781704,,complete,,63c143e7c37b55cd1490e074,computer,Desktop or Laptop,Windows 10,Firefox 108.0,1920x1080,1920x955,,Audio Check,10,Block 3-A,soundCheckPassed,Spreadsheet1,Spreadsheet1,2,1,1,Screen 1,Zone1,content_web_audio,1574,,,AUDIO PLAY REQUESTED,1,0,1,0,,,,,,Audio Check,cura
4,1673610314919,13/01/2023 11:45:14,1673610316469,-6,13/01/2023 05:45:16,92237,23,task-gkan,,26360869,BLIND,7781704,,complete,,63c143e7c37b55cd1490e074,computer,Desktop or Laptop,Windows 10,Firefox 108.0,1920x1080,1920x955,,Audio Check,10,Block 3-A,soundCheckPassed,Spreadsheet1,Spreadsheet1,2,1,1,Screen 1,Zone3,response_rating_scale_likert_active,3196,,,cura,1,1,0,0,,,,,,Audio Check,cura
5,1673610317156,13/01/2023 11:45:17,1673610318696,-6,13/01/2023 05:45:18,92237,23,task-gkan,,26360869,BLIND,7781704,,complete,,63c143e7c37b55cd1490e074,computer,Desktop or Laptop,Windows 10,Firefox 108.0,1920x1080,1920x955,,Audio Check,10,Block 3-A,soundCheckPassed,Spreadsheet1,Spreadsheet1,2,1,3,Correct,advancementZone,continue_button,2225,,,,,0,1,0,,,,,,Audio Check,cura
6,1673610317281,13/01/2023 11:45:17,1673610318707,-6,13/01/2023 05:45:18,92237,23,task-gkan,,26360869,BLIND,7781704,,complete,,63c143e7c37b55cd1490e074,computer,Desktop or Laptop,Windows 10,Firefox 108.0,1920x1080,1920x955,,Audio Check,10,Block 3-A,soundCheckPassed,Spreadsheet1,,,END TASK,,,,,28693,,,,,0,1,0,,,,,,,
1,1673595559333,13/01/2023 07:39:19,1673595559170,-8,12/01/2023 23:39:19,92237,23,task-gkan,,26358427,BLIND,7780908,,complete,,63c1097bdb5dfbeec90bb646,computer,Desktop or Laptop,Mac OS 10.15.6,Safari 15.6.1,834x1194,1194x704,,Audio Check,10,Block 5-B,soundCheckPassed,Spreadsheet1,,,BEGIN TASK,,,,,,,,,,0,1,0,,,,,,,
2,1673595594815,13/01/2023 07:39:54,1673595594693,-8,12/01/2023 23:39:54,92237,23,task-gkan,,26358427,BLIND,7780908,,complete,,63c1097bdb5dfbeec90bb646,computer,Desktop or Laptop,Mac OS 10.15.6,Safari 15.6.1,834x1194,1194x704,,Audio Check,10,Block 5-B,soundCheckPassed,Spreadsheet1,Spreadsheet1,1,1,1,Screen 1,advancementZone,continue_button,35494.00000000001,,,,,0,1,0,,,,,,Instructions,
3,1673595598054,13/01/2023 07:39:58,1673595597922,-8,12/01/2023 23:39:57,92237,23,task-gkan,,26358427,BLIND,7780908,,complete,,63c1097bdb5dfbeec90bb646,computer,Desktop or Laptop,Mac OS 10.15.6,Safari 15.6.1,834x1194,1194x704,,Audio Check,10,Block 5-B,soundCheckPassed,Spreadsheet1,Spreadsheet1,2,1,1,Screen 1,Zone1,content_web_audio,3221,,,AUDIO PLAY REQUESTED,1,0,1,0,,,,,,Audio Check,cura
4,1673595659151,13/01/2023 07:40:59,1673595659050,-8,12/01/2023 23:40:59,92237,23,task-gkan,,26358427,BLIND,7780908,,complete,,63c1097bdb5dfbeec90bb646,computer,Desktop or Laptop,Mac OS 10.15.6,Safari 15.6.1,834x1194,1194x704,,Audio Check,10,Block 5-B,soundCheckPassed,Spreadsheet1,,,BEGIN TASK,,,,,,,,,,0,1,0,,,,,,,
5,1673595664695,13/01/2023 07:41:04,1673595664577,-8,12/01/2023 23:41:04,92237,23,task-gkan,,26358427,BLIND,7780908,,complete,,63c1097bdb5dfbeec90bb646,computer,Desktop or Laptop,Mac OS 10.15.6,Safari 15.6.1,834x1194,1194x704,,Audio Check,10,Block 5-B,soundCheckPassed,Spreadsheet1,Spreadsheet1,2,1,1,Screen 1,Zone1,content_web_audio,5503.000000000001,,,AUDIO PLAY REQUESTED,1,0,1,0,,,,,,Audio Check,cura
6,1673595768410,13/01/2023 07:42:48,1673595767768,-8,12/01/2023 23:42:47,92237,23,task-gkan,,26358427,BLIND,7780908,,complete,,63c1097bdb5dfbeec90bb646,computer,Desktop or Laptop,Mac OS 10.15.6,Safari 15.6.1,834x1194,1194x704,,Audio Check,10,Block 5-B,soundCheckPassed,Spreadsheet1,Spreadsheet1,2,1,1,Screen 1,Zone1,content_web_audio,108699,,,AUDIO PLAY REQUESTED,2,0,1,0,,,,,,Audio Check,cura
7,1673595770871,13/01/2023 07:42:50,1673595770757,-8,12/01/2023 23:42:50,92237,23,task-gkan,,26358427,BLIND,7780908,,complete,,63c1097bdb5dfbeec90bb646,computer,Desktop or Laptop,Mac OS 10.15.6,Safari 15.6.1,834x1194,1194x704,,Audio Check,10,Block 5-B,soundCheckPassed,Spreadsheet1,Spreadsheet1,2,1,1,Screen 1,Zone3,response_rating_scale_likert_active,111688.00000000001,,,cura,1,1,0,0,,,,,,Audio Check,cura
8,1673595773800,13/01/2023 07:42:53,1673595773697,-8,12/01/2023 23:42:53,92237,23,task-gkan,,26358427,BLIND,7780908,,complete,,63c1097bdb5dfbeec90bb646,computer,Desktop or Laptop,Mac OS 10.15.6,Safari 15.6.1,834x1194,1194x704,,Audio Check,10,Block 5-B,soundCheckPassed,Spreadsheet1,Spreadsheet1,2,1,3,Correct,advancementZone,continue_button,2933,,,,,0,1,0,,,,,,Audio Check,cura
9,1673595773989,13/01/2023 07:42:53,1673595773701,-8,12/01/2023 23:42:53,92237,23,task-gkan,,26358427,BLIND,7780908,,complete,,63c1097bdb5dfbeec90bb646,computer,Desktop or Laptop,Mac OS 10.15.6,Safari 15.6.1,834x1194,1194x704,,Audio Check,10,Block 5-B,soundCheckPassed,Spreadsheet1,,,END TASK,,,,,114651,,,,,0,1,0,,,,,,,
1,1673594898364,13/01/2023 07:28:18,1673594898610,-8,12/01/2023 23:28:18,92237,23,task-gkan,,26358394,BLIND,7780900,,complete,,63c107c86bed24639f165891,computer,Desktop or Laptop,Windows 10,Chrome 108.0.0.0,1504x1003,1504x884,,Audio Check,10,Block 2-B,soundCheckPassed,Spreadsheet1,,,BEGIN TASK,,,,,,,,,,0,1,0,,,,,,,
2,1673594916072,13/01/2023 07:28:36,1673594916374,-8,12/01/2023 23:28:36,92237,23,task-gkan,,26358394,BLIND,7780900,,complete,,63c107c86bed24639f165891,computer,Desktop or Laptop,Windows 10,Chrome 108.0.0.0,1504x1003,1504x884,,Audio Check,10,Block 2-B,soundCheckPassed,Spreadsheet1,Spreadsheet1,1,1,1,Screen 1,advancementZone,continue_button,17684.700000286102,,,,,0,1,0,,,,,,Instructions,
3,1673594922936,13/01/2023 07:28:42,1673594923229,-8,12/01/2023 23:28:43,92237,23,task-gkan,,26358394,BLIND,7780900,,complete,,63c107c86bed24639f165891,computer,Desktop or Laptop,Windows 10,Chrome 108.0.0.0,1504x1003,1504x884,,Audio Check,10,Block 2-B,soundCheckPassed,Spreadsheet1,Spreadsheet1,2,1,1,Screen 1,Zone1,content_web_audio,6843.099999904633,,,AUDIO PLAY REQUESTED,1,0,1,0,,,,,,Audio Check,cura
4,1673594925541,13/01/2023 07:28:45,1673594925826,-8,12/01/2023 23:28:45,92237,23,task-gkan,,26358394,BLIND,7780900,,complete,,63c107c86bed24639f165891,computer,Desktop or Laptop,Windows 10,Chrome 108.0.0.0,1504x1003,1504x884,,Audio Check,10,Block 2-B,soundCheckPassed,Spreadsheet1,Spreadsheet1,2,1,1,Screen 1,Zone3,response_rating_scale_likert_active,9438.299999713898,,,cura,1,1,0,0,,,,,,Audio Check,cura
5,1673594928434,13/01/2023 07:28:48,1673594928724,-8,12/01/2023 23:28:48,92237,23,task-gkan,,26358394,BLIND,7780900,,complete,,63c107c86bed24639f165891,computer,Desktop or Laptop,Windows 10,Chrome 108.0.0.0,1504x1003,1504x884,,Audio Check,10,Block 2-B,soundCheckPassed,Spreadsheet1,Spreadsheet1,2,1,3,Correct,advancementZone,continue_button,2883,,,,,0,1,0,,,,,,Audio Check,cura
6,1673594928703,13/01/2023 07:28:48,1673594928739,-8,12/01/2023 23:28:48,92237,23,task-gkan,,26358394,BLIND,7780900,,complete,,63c107c86bed24639f165891,computer,Desktop or Laptop,Windows 10,Chrome 108.0.0.0,1504x1003,1504x884,,Audio Check,10,Block 2-B,soundCheckPassed,Spreadsheet1,,,END TASK,,,,,30128,,,,,0,1,0,,,,,,,
1,1673580893197,13/01/2023 03:34:53,1673580891900,-4,12/01/2023 23:34:51,92237,23,task-gkan,,26357890,BLIND,7780756,,complete,,63c0d0a24ec46554428f7ab0,mobile,undefined undefined,Android 11,Firefox 108.0,880x396,799x306,,Audio Check,10,Block 9-B,soundCheckPassed,Spreadsheet1,,,BEGIN TASK,,,,,,,,,,0,1,0,,,,,,,
2,1673580905547,13/01/2023 03:35:05,1673580904149,-4,12/01/2023 23:35:04,92237,23,task-gkan,,26357890,BLIND,7780756,,complete,,63c0d0a24ec46554428f7ab0,mobile,undefined undefined,Android 11,Firefox 108.0,880x396,799x306,,Audio Check,10,Block 9-B,soundCheckPassed,Spreadsheet1,Spreadsheet1,1,1,1,Screen 1,advancementZone,continue_button,12138,,,,,0,1,0,,,,,,Instructions,
3,1673580913202,13/01/2023 03:35:13,1673580911980,-4,12/01/2023 23:35:11,92237,23,task-gkan,,26357890,BLIND,7780756,,complete,,63c0d0a24ec46554428f7ab0,mobile,undefined undefined,Android 11,Firefox 108.0,396x880,396x743,,Audio Check,10,Block 9-B,soundCheckPassed,Spreadsheet1,Spreadsheet1,2,1,1,Screen 1,Zone1,content_web_audio,7790,,,AUDIO PLAY REQUESTED,1,0,1,0,,,,,,Audio Check,cura
4,1673580915233,13/01/2023 03:35:15,1673580913975,-4,12/01/2023 23:35:13,92237,23,task-gkan,,26357890,BLIND,7780756,,complete,,63c0d0a24ec46554428f7ab0,mobile,undefined undefined,Android 11,Firefox 108.0,396x880,396x743,,Audio Check,10,Block 9-B,soundCheckPassed,Spreadsheet1,Spreadsheet1,2,1,1,Screen 1,Zone1,content_web_audio,9786,,,AUDIO PLAY REQUESTED,2,0,1,0,,,,,,Audio Check,cura
5,1673580916782,13/01/2023 03:35:16,1673580915548,-4,12/01/2023 23:35:15,92237,23,task-gkan,,26357890,BLIND,7780756,,complete,,63c0d0a24ec46554428f7ab0,mobile,undefined undefined,Android 11,Firefox 108.0,396x880,396x743,,Audio Check,10,Block 9-B,soundCheckPassed,Spreadsheet1,Spreadsheet1,2,1,1,Screen 1,Zone3,response_rating_scale_likert_active,11356,,,cura,1,1,0,0,,,,,,Audio Check,cura
6,1673580919245,13/01/2023 03:35:19,1673580918015,-4,12/01/2023 23:35:18,92237,23,task-gkan,,26357890,BLIND,7780756,,complete,,63c0d0a24ec46554428f7ab0,mobile,undefined undefined,Android 11,Firefox 108.0,396x880,396x743,,Audio Check,10,Block 9-B,soundCheckPassed,Spreadsheet1,Spreadsheet1,2,1,3,Correct,advancementZone,continue_button,2442,,,,,0,1,0,,,,,,Audio Check,cura
7,1673580919480,13/01/2023 03:35:19,1673580918025,-4,12/01/2023 23:35:18,92237,23,task-gkan,,26357890,BLIND,7780756,,complete,,63c0d0a24ec46554428f7ab0,mobile,undefined undefined,Android 11,Firefox 108.0,396x880,396x743,,Audio Check,10,Block 9-B,soundCheckPassed,Spreadsheet1,,,END TASK,,,,,26124,,,,,0,1,0,,,,,,,
1,1673579865335,13/01/2023 03:17:45,1673579865224,-5,12/01/2023 22:17:45,92237,23,task-gkan,,26357825,BLIND,7780744,,complete,,63c0ccbf146cead080ff9b56,computer,Desktop or Laptop,Mac OS 10.15.6,Chrome 107.0.0.0,1440x900,1352x743,,Audio Check,10,Block 3-B,soundCheckPassed,Spreadsheet1,,,BEGIN TASK,,,,,,,,,,0,1,0,,,,,,,
2,1673579868747,13/01/2023 03:17:48,1673579868673,-5,12/01/2023 22:17:48,92237,23,task-gkan,,26357825,BLIND,7780744,,complete,,63c0ccbf146cead080ff9b56,computer,Desktop or Laptop,Mac OS 10.15.6,Chrome 107.0.0.0,1440x900,1352x743,,Audio Check,10,Block 3-B,soundCheckPassed,Spreadsheet1,Spreadsheet1,1,1,1,Screen 1,advancementZone,continue_button,3415.600000143051,,,,,0,1,0,,,,,,Instructions,
3,1673579870396,13/01/2023 03:17:50,1673579870309,-5,12/01/2023 22:17:50,92237,23,task-gkan,,26357825,BLIND,7780744,,complete,,63c0ccbf146cead080ff9b56,computer,Desktop or Laptop,Mac OS 10.15.6,Chrome 107.0.0.0,1440x900,1352x743,,Audio Check,10,Block 3-B,soundCheckPassed,Spreadsheet1,Spreadsheet1,2,1,1,Screen 1,Zone1,content_web_audio,1621.5,,,AUDIO PLAY REQUESTED,1,0,1,0,,,,,,Audio Check,cura
4,1673579871186,13/01/2023 03:17:51,1673579871126,-5,12/01/2023 22:17:51,92237,23,task-gkan,,26357825,BLIND,7780744,,complete,,63c0ccbf146cead080ff9b56,computer,Desktop or Laptop,Mac OS 10.15.6,Chrome 107.0.0.0,1440x900,1352x743,,Audio Check,10,Block 3-B,soundCheckPassed,Spreadsheet1,Spreadsheet1,2,1,1,Screen 1,Zone1,content_web_audio,2438.4000000953674,,,AUDIO PLAY REQUESTED,2,0,1,0,,,,,,Audio Check,cura
5,1673579872600,13/01/2023 03:17:52,1673579872520,-5,12/01/2023 22:17:52,92237,23,task-gkan,,26357825,BLIND,7780744,,complete,,63c0ccbf146cead080ff9b56,computer,Desktop or Laptop,Mac OS 10.15.6,Chrome 107.0.0.0,1440x900,1352x743,,Audio Check,10,Block 3-B,soundCheckPassed,Spreadsheet1,Spreadsheet1,2,1,1,Screen 1,Zone3,response_rating_scale_likert_active,3832.100000143051,,,cura,1,1,0,0,,,,,,Audio Check,cura
6,1673579873769,13/01/2023 03:17:53,1673579873674,-5,12/01/2023 22:17:53,92237,23,task-gkan,,26357825,BLIND,7780744,,complete,,63c0ccbf146cead080ff9b56,computer,Desktop or Laptop,Mac OS 10.15.6,Chrome 107.0.0.0,1440x900,1352x743,,Audio Check,10,Block 3-B,soundCheckPassed,Spreadsheet1,Spreadsheet1,2,1,3,Correct,advancementZone,continue_button,1144.7000000476837,,,,,0,1,0,,,,,,Audio Check,cura
7,1673579873900,13/01/2023 03:17:53,1673579873677,-5,12/01/2023 22:17:53,92237,23,task-gkan,,26357825,BLIND,7780744,,complete,,63c0ccbf146cead080ff9b56,computer,Desktop or Laptop,Mac OS 10.15.6,Chrome 107.0.0.0,1440x900,1352x743,,Audio Check,10,Block 3-B,soundCheckPassed,Spreadsheet1,,,END TASK,,,,,8453,,,,,0,1,0,,,,,,,
1,1673579034507,13/01/2023 03:03:54,1673579034368,-5,12/01/2023 22:03:54,92237,23,task-gkan,,26357781,BLIND,7780733,,complete,,63c0c9d3c635015d5fa66dcb,computer,Desktop or Laptop,Mac OS 10.15,Firefox 108.0,1440x900,1381x828,,Audio Check,10,Block 7-A,soundCheckPassed,Spreadsheet1,,,BEGIN TASK,,,,,,,,,,0,1,0,,,,,,,
2,1673579035982,13/01/2023 03:03:55,1673579035873,-5,12/01/2023 22:03:55,92237,23,task-gkan,,26357781,BLIND,7780733,,complete,,63c0c9d3c635015d5fa66dcb,computer,Desktop or Laptop,Mac OS 10.15,Firefox 108.0,1440x900,1381x828,,Audio Check,10,Block 7-A,soundCheckPassed,Spreadsheet1,Spreadsheet1,1,1,1,Screen 1,advancementZone,continue_button,1482,,,,,0,1,0,,,,,,Instructions,
3,1673579038065,13/01/2023 03:03:58,1673579037939,-5,12/01/2023 22:03:57,92237,23,task-gkan,,26357781,BLIND,7780733,,complete,,63c0c9d3c635015d5fa66dcb,computer,Desktop or Laptop,Mac OS 10.15,Firefox 108.0,1440x900,1381x828,,Audio Check,10,Block 7-A,soundCheckPassed,Spreadsheet1,Spreadsheet1,2,1,1,Screen 1,Zone1,content_web_audio,2056,,,AUDIO PLAY REQUESTED,1,0,1,0,,,,,,Audio Check,cura
4,1673579039545,13/01/2023 03:03:59,1673579039440,-5,12/01/2023 22:03:59,92237,23,task-gkan,,26357781,BLIND,7780733,,complete,,63c0c9d3c635015d5fa66dcb,computer,Desktop or Laptop,Mac OS 10.15,Firefox 108.0,1440x900,1381x828,,Audio Check,10,Block 7-A,soundCheckPassed,Spreadsheet1,Spreadsheet1,2,1,1,Screen 1,Zone3,response_rating_scale_likert_active,3556,,,cura,1,1,0,0,,,,,,Audio Check,cura
5,1673579040702,13/01/2023 03:04:00,1673579040621,-5,12/01/2023 22:04:00,92237,23,task-gkan,,26357781,BLIND,7780733,,complete,,63c0c9d3c635015d5fa66dcb,computer,Desktop or Laptop,Mac OS 10.15,Firefox 108.0,1440x900,1381x828,,Audio Check,10,Block 7-A,soundCheckPassed,Spreadsheet1,Spreadsheet1,2,1,3,Correct,advancementZone,continue_button,1173,,,,,0,1,0,,,,,,Audio Check,cura
6,1673579040830,13/01/2023 03:04:00,1673579040623,-5,12/01/2023 22:04:00,92237,23,task-gkan,,26357781,BLIND,7780733,,complete,,63c0c9d3c635015d5fa66dcb,computer,Desktop or Laptop,Mac OS 10.15,Firefox 108.0,1440x900,1381x828,,Audio Check,10,Block 7-A,soundCheckPassed,Spreadsheet1,,,END TASK,,,,,6255,,,,,0,1,0,,,,,,,
1,1673575131235,13/01/2023 01:58:51,1673575130716,-8,12/01/2023 17:58:50,92237,23,task-gkan,,26357463,BLIND,7780678,,complete,,63c0ba81302f0f3d84e3b320,mobile,Apple iPhone,iOS 15.4.1,Mobile Safari 15.4,375x667,667x325,,Audio Check,10,Block 7-B,soundCheckPassed,Spreadsheet1,,,BEGIN TASK,,,,,,,,,,0,1,0,,,,,,,
2,1673575144137,13/01/2023 01:59:04,1673575143741,-8,12/01/2023 17:59:03,92237,23,task-gkan,,26357463,BLIND,7780678,,complete,,63c0ba81302f0f3d84e3b320,mobile,Apple iPhone,iOS 15.4.1,Mobile Safari 15.4,375x667,667x325,,Audio Check,10,Block 7-B,soundCheckPassed,Spreadsheet1,Spreadsheet1,1,1,1,Screen 1,advancementZone,continue_button,12994.000000000004,,,,,0,1,0,,,,,,Instructions,
3,1673575147343,13/01/2023 01:59:07,1673575146941,-8,12/01/2023 17:59:06,92237,23,task-gkan,,26357463,BLIND,7780678,,complete,,63c0ba81302f0f3d84e3b320,mobile,Apple iPhone,iOS 15.4.1,Mobile Safari 15.4,375x667,667x325,,Audio Check,10,Block 7-B,soundCheckPassed,Spreadsheet1,Spreadsheet1,2,1,1,Screen 1,Zone1,content_web_audio,3178,,,AUDIO PLAY REQUESTED,1,0,1,0,,,,,,Audio Check,cura
4,1673575148278,13/01/2023 01:59:08,1673575147875,-8,12/01/2023 17:59:07,92237,23,task-gkan,,26357463,BLIND,7780678,,complete,,63c0ba81302f0f3d84e3b320,mobile,Apple iPhone,iOS 15.4.1,Mobile Safari 15.4,375x667,667x325,,Audio Check,10,Block 7-B,soundCheckPassed,Spreadsheet1,Spreadsheet1,2,1,1,Screen 1,Zone3,response_rating_scale_likert_active,4110,,,cura,1,1,0,0,,,,,,Audio Check,cura
5,1673575149565,13/01/2023 01:59:09,1673575149189,-8,12/01/2023 17:59:09,92237,23,task-gkan,,26357463,BLIND,7780678,,complete,,63c0ba81302f0f3d84e3b320,mobile,Apple iPhone,iOS 15.4.1,Mobile Safari 15.4,375x667,667x325,,Audio Check,10,Block 7-B,soundCheckPassed,Spreadsheet1,Spreadsheet1,2,1,3,Correct,advancementZone,continue_button,1301,,,,,0,1,0,,,,,,Audio Check,cura
6,1673575150008,13/01/2023 01:59:10,1673575149195,-8,12/01/2023 17:59:09,92237,23,task-gkan,,26357463,BLIND,7780678,,complete,,63c0ba81302f0f3d84e3b320,mobile,Apple iPhone,iOS 15.4.1,Mobile Safari 15.4,375x667,667x325,,Audio Check,10,Block 7-B,soundCheckPassed,Spreadsheet1,,,END TASK,,,,,18479,,,,,0,1,0,,,,,,,
1,1673574906804,13/01/2023 01:55:06,1673574907068,-6,12/01/2023 19:55:07,92237,23,task-gkan,,26357429,BLIND,7780664,,complete,,63c0b7e71ead32c1704ff1fd,computer,Desktop or Laptop,Windows 10,Chrome 108.0.0.0,1920x1080,1920x969,,Audio Check,10,Block 4-A,soundCheckPassed,Spreadsheet1,,,BEGIN TASK,,,,,,,,,,0,1,0,,,,,,,
2,1673574912596,13/01/2023 01:55:12,1673574912910,-6,12/01/2023 19:55:12,92237,23,task-gkan,,26357429,BLIND,7780664,,complete,,63c0b7e71ead32c1704ff1fd,computer,Desktop or Laptop,Windows 10,Chrome 108.0.0.0,1920x1080,1920x969,,Audio Check,10,Block 4-A,soundCheckPassed,Spreadsheet1,Spreadsheet1,1,1,1,Screen 1,advancementZone,continue_button,5806.39999999851,,,,,0,1,0,,,,,,Instructions,
3,1673574913818,13/01/2023 01:55:13,1673574914137,-6,12/01/2023 19:55:14,92237,23,task-gkan,,26357429,BLIND,7780664,,complete,,63c0b7e71ead32c1704ff1fd,computer,Desktop or Laptop,Windows 10,Chrome 108.0.0.0,1920x1080,1920x969,,Audio Check,10,Block 4-A,soundCheckPassed,Spreadsheet1,Spreadsheet1,2,1,1,Screen 1,Zone1,content_web_audio,1219.1000000014901,,,AUDIO PLAY REQUESTED,1,0,1,0,,,,,,Audio Check,cura
4,1673574916317,13/01/2023 01:55:16,1673574916621,-6,12/01/2023 19:55:16,92237,23,task-gkan,,26357429,BLIND,7780664,,complete,,63c0b7e71ead32c1704ff1fd,computer,Desktop or Laptop,Windows 10,Chrome 108.0.0.0,1920x1080,1920x969,,Audio Check,10,Block 4-A,soundCheckPassed,Spreadsheet1,Spreadsheet1,2,1,1,Screen 1,Zone1,content_web_audio,3703.199999999255,,,AUDIO PLAY REQUESTED,2,0,1,0,,,,,,Audio Check,cura
5,1673574918270,13/01/2023 01:55:18,1673574918582,-6,12/01/2023 19:55:18,92237,23,task-gkan,,26357429,BLIND,7780664,,complete,,63c0b7e71ead32c1704ff1fd,computer,Desktop or Laptop,Windows 10,Chrome 108.0.0.0,1920x1080,1920x969,,Audio Check,10,Block 4-A,soundCheckPassed,Spreadsheet1,Spreadsheet1,2,1,1,Screen 1,Zone3,response_rating_scale_likert_active,5663.800000000745,,,cura,1,1,0,0,,,,,,Audio Check,cura
6,1673574921081,13/01/2023 01:55:21,1673574921402,-6,12/01/2023 19:55:21,92237,23,task-gkan,,26357429,BLIND,7780664,,complete,,63c0b7e71ead32c1704ff1fd,computer,Desktop or Laptop,Windows 10,Chrome 108.0.0.0,1920x1080,1920x969,,Audio Check,10,Block 4-A,soundCheckPassed,Spreadsheet1,Spreadsheet1,2,1,3,Correct,advancementZone,continue_button,2814.5,,,,,0,1,0,,,,,,Audio Check,cura
7,1673574921247,13/01/2023 01:55:21,1673574921405,-6,12/01/2023 19:55:21,92237,23,task-gkan,,26357429,BLIND,7780664,,complete,,63c0b7e71ead32c1704ff1fd,computer,Desktop or Laptop,Windows 10,Chrome 108.0.0.0,1920x1080,1920x969,,Audio Check,10,Block 4-A,soundCheckPassed,Spreadsheet1,,,END TASK,,,,,14336,,,,,0,1,0,,,,,,,
1,1673574547122,13/01/2023 01:49:07,1673574549215,-6,12/01/2023 19:49:09,92237,23,task-gkan,,26357388,BLIND,7780655,,complete,,63c0b820b5317527898f7a51,computer,Desktop or Laptop,Windows 10,Chrome 108.0.0.0,1536x864,1536x746,,Audio Check,10,Block 5-A,soundCheckPassed,Spreadsheet1,,,BEGIN TASK,,,,,,,,,,0,1,0,,,,,,,
2,1673574556252,13/01/2023 01:49:16,1673574558379,-6,12/01/2023 19:49:18,92237,23,task-gkan,,26357388,BLIND,7780655,,complete,,63c0b820b5317527898f7a51,computer,Desktop or Laptop,Windows 10,Chrome 108.0.0.0,1536x864,1519x746,,Audio Check,10,Block 5-A,soundCheckPassed,Spreadsheet1,Spreadsheet1,1,1,1,Screen 1,advancementZone,continue_button,9123.39999999851,,,,,0,1,0,,,,,,Instructions,
3,1673574558172,13/01/2023 01:49:18,1673574560311,-6,12/01/2023 19:49:20,92237,23,task-gkan,,26357388,BLIND,7780655,,complete,,63c0b820b5317527898f7a51,computer,Desktop or Laptop,Windows 10,Chrome 108.0.0.0,1536x864,1519x746,,Audio Check,10,Block 5-A,soundCheckPassed,Spreadsheet1,Spreadsheet1,2,1,1,Screen 1,Zone1,content_web_audio,1919.8000000044703,,,AUDIO PLAY REQUESTED,1,0,1,0,,,,,,Audio Check,cura
4,1673574559849,13/01/2023 01:49:19,1673574561996,-6,12/01/2023 19:49:21,92237,23,task-gkan,,26357388,BLIND,7780655,,complete,,63c0b820b5317527898f7a51,computer,Desktop or Laptop,Windows 10,Chrome 108.0.0.0,1536x864,1519x746,,Audio Check,10,Block 5-A,soundCheckPassed,Spreadsheet1,Spreadsheet1,2,1,1,Screen 1,Zone3,response_rating_scale_likert_active,3603.3000000044703,,,cura,1,1,0,0,,,,,,Audio Check,cura
5,1673574561295,13/01/2023 01:49:21,1673574563427,-6,12/01/2023 19:49:23,92237,23,task-gkan,,26357388,BLIND,7780655,,complete,,63c0b820b5317527898f7a51,computer,Desktop or Laptop,Windows 10,Chrome 108.0.0.0,1536x864,1519x746,,Audio Check,10,Block 5-A,soundCheckPassed,Spreadsheet1,Spreadsheet1,2,1,3,Correct,advancementZone,continue_button,1423.5,,,,,0,1,0,,,,,,Audio Check,cura
6,1673574561435,13/01/2023 01:49:21,1673574563430,-6,12/01/2023 19:49:23,92237,23,task-gkan,,26357388,BLIND,7780655,,complete,,63c0b820b5317527898f7a51,computer,Desktop or Laptop,Windows 10,Chrome 108.0.0.0,1536x864,1519x746,,Audio Check,10,Block 5-A,soundCheckPassed,Spreadsheet1,,,END TASK,,,,,14215,,,,,0,1,0,,,,,,,
END OF FILE
